patent_id,application_date,newer_ipc,years_since_application
BR6312614,1996-05-03,A61K 31/352,4
BR6312614,1996-05-03,A61K 31/352,4
BR6312614,1996-05-03,A61K 31/7028,4
BR6312614,1996-05-03,A61K 31/7028,4
BR6312614,1996-05-03,A61P 7/00,4
BR6312614,1996-05-03,A61P 7/02,4
BR6312614,1996-05-03,A61P 9/00,4
BR6312614,1996-05-03,A61P 9/10,4
BR6312614,1996-05-03,A61P 31/00,4
BR6312614,1996-05-03,A61P 31/12,4
BR6312614,1996-05-03,A61P 43/00,4
BR6312614,1996-05-03,A61P 43/00,4
BR6223931,1998-10-23,A23G 4/00,8
BR6223931,1998-10-23,A23G 4/00,8
BR6223931,1998-10-23,A61K 8/00,8
BR6223931,1998-10-23,A61K 8/00,8
BR6223931,1998-10-23,A61K 8/19,8
BR6223931,1998-10-23,A61K 8/25,8
BR6223931,1998-10-23,A61K 8/30,8
BR6223931,1998-10-23,A61K 8/36,8
BR6223931,1998-10-23,A61K 8/37,8
BR6223931,1998-10-23,A61K 8/40,8
BR6223931,1998-10-23,A61K 8/41,8
BR6223931,1998-10-23,A61K 8/44,8
BR6223931,1998-10-23,A61K 8/46,8
BR6223931,1998-10-23,A61K 8/60,8
BR6223931,1998-10-23,A61K 8/64,8
BR6223931,1998-10-23,A61K 8/66,8
BR6223931,1998-10-23,A61Q 1/02,8
BR6223931,1998-10-23,A61Q 1/02,8
BR6223931,1998-10-23,A61Q 1/14,8
BR6223931,1998-10-23,A61Q 1/14,8
BR6223931,1998-10-23,A61Q 11/00,8
BR6223931,1998-10-23,A61Q 11/00,8
BR6223931,1998-10-23,A61Q 11/02,8
BR6223931,1998-10-23,A61Q 11/02,8
BR6223931,1998-10-23,A61Q 19/00,8
BR6223931,1998-10-23,A61Q 19/00,8
BR6223931,1998-10-23,A61Q 19/10,8
BR6223931,1998-10-23,A61Q 19/10,8
BR5990276,1979-08-23,C12P 7/02,1
BR5990276,1979-08-23,C12P 7/06,1
BR5977461,1979-05-21,C12N 1/16,1
BR5977461,1979-05-21,C12N 1/16,1
BR5977461,1979-05-21,C12M 1/04,1
BR5977461,1979-05-21,C12M 1/04,1
BR5977461,1979-05-21,C12M 1/08,1
BR5977461,1979-05-21,C12P 7/02,1
BR5977461,1979-05-21,C12P 7/06,1
BR5988547,1979-08-22,C07C 29/80,1
BR6062506,1987-07-14,C07C 29/151,3
BR6244791,2000-09-30,C09K 8/52,6
BR6244791,2000-09-30,C09K 8/524,6
BR6005914,1981-11-13,C10L 1/198,25
BR6223926,1998-10-19,C10L 1/192,8
BR6223926,1998-10-19,C10L 1/182,8
BR6223926,1998-10-19,C10L 1/195,8
BR6223926,1998-10-19,C10L 1/222,8
BR6076002,1989-03-06,C10L 1/192,17
BR6076002,1989-03-06,C10L 1/196,17
BR6076002,1989-03-06,C10L 10/14,17
BR6076002,1989-03-06,C10L 10/16,17
BR5981639,1979-04-24,C12P 7/02,1
BR5981639,1979-04-24,C12P 7/14,1
BR6191977,1997-03-27,A61K 8/00,9
BR6191977,1997-03-27,A61K 8/00,9
BR6191977,1997-03-27,A61K 8/11,9
BR6191977,1997-03-27,A61K 8/11,9
BR6191977,1997-03-27,A61K 8/14,9
BR6191977,1997-03-27,A61K 8/14,9
BR6191977,1997-03-27,A61K 8/30,9
BR6191977,1997-03-27,A61K 8/60,9
BR6191977,1997-03-27,A61K 8/64,9
BR6191977,1997-03-27,A61K 8/66,9
BR6191977,1997-03-27,A61K 8/72,9
BR6191977,1997-03-27,A61K 8/72,9
BR6191977,1997-03-27,A61P 17/00,3
BR6191977,1997-03-27,A61P 17/00,3
BR6191977,1997-03-27,A61Q 5/08,9
BR6191977,1997-03-27,A61Q 5/08,9
BR6191977,1997-03-27,A61Q 19/02,9
BR6191977,1997-03-27,A61Q 19/02,9
BR5949987,1976-05-13,C12P 7/02,4
BR5949987,1976-05-13,C12P 7/06,4
BR6002761,1981-04-30,C07C 29/151,9
BR6002761,1981-04-30,C07C 29/153,9
BR6002761,1981-04-30,C07C 29/154,9
BR6002761,1981-04-30,C10L 1/182,25
BR6285453,2002-11-18,C10L 1/19,4
BR6285453,2002-11-18,C10L 10/08,4
BR6285453,2002-11-18,C10L 10/08,4
BR6285453,2002-11-18,C10L 10/14,4
BR6285453,2002-11-18,C10L 10/14,4
WO2010081231,2010-01-15,C13B 10/00,1
WO2010081231,2010-01-15,C13B 20/00,1
BR5949759,1976-04-20,C07C 63/70,4
BR5949759,1976-04-20,C07C 65/05,4
BR6242562,2000-07-06,C09K 8/02,6
BR6242562,2000-07-06,C09K 8/34,6
BR6174273,1996-12-20,C07G 99/00,13
BR6174273,1996-12-20,C07G 99/00,13
BR6197755,1998-12-01,A61P 31/00,2
BR6197755,1998-12-01,A61P 31/04,2
BR6250714,2001-01-24,C10L 1/182,5
BR6250714,2001-01-24,C10L 1/185,5
BR6250714,2001-01-24,C10L 1/19,5
BR6224166,1998-10-23,A23G 4/00,8
BR6224166,1998-10-23,A23G 4/00,8
BR6224166,1998-10-23,A61K 8/00,8
BR6224166,1998-10-23,A61K 8/00,8
BR6224166,1998-10-23,A61K 8/19,8
BR6224166,1998-10-23,A61K 8/25,8
BR6224166,1998-10-23,A61K 8/30,8
BR6224166,1998-10-23,A61K 8/36,8
BR6224166,1998-10-23,A61K 8/37,8
BR6224166,1998-10-23,A61K 8/40,8
BR6224166,1998-10-23,A61K 8/41,8
BR6224166,1998-10-23,A61K 8/44,8
BR6224166,1998-10-23,A61K 8/46,8
BR6224166,1998-10-23,A61K 8/60,8
BR6224166,1998-10-23,A61K 8/64,8
BR6224166,1998-10-23,A61K 8/66,8
BR6224166,1998-10-23,A61Q 1/02,8
BR6224166,1998-10-23,A61Q 1/02,8
BR6224166,1998-10-23,A61Q 1/14,8
BR6224166,1998-10-23,A61Q 1/14,8
BR6224166,1998-10-23,A61Q 11/00,8
BR6224166,1998-10-23,A61Q 11/00,8
BR6224166,1998-10-23,A61Q 11/02,8
BR6224166,1998-10-23,A61Q 11/02,8
BR6224166,1998-10-23,A61Q 19/00,8
BR6224166,1998-10-23,A61Q 19/00,8
BR6224166,1998-10-23,A61Q 19/10,8
BR6224166,1998-10-23,A61Q 19/10,8
BR6266027,2001-12-12,C10L 10/18,5
BR6232580,1999-11-19,C10L 1/185,7
BR6232580,1999-11-19,C10L 1/182,7
BR6232580,1999-11-19,C10L 1/19,7
BR6232580,1999-11-19,C10L 1/224,7
BR6232580,1999-11-19,C10L 1/234,7
BR6232580,1999-11-19,C10L 10/12,7
BR6232580,1999-11-19,C10L 10/12,7
BR6061611,1987-05-13,B01D 61/36,3
BR6061611,1987-05-13,B01D 61/36,3
BR6061611,1987-05-13,B01D 71/00,3
BR6061611,1987-05-13,B01D 71/12,3
BR6184106,1998-08-05,C09K 8/52,8
BR6184106,1998-08-05,C09K 8/52,8
BR5985245,1979-12-04,C07C 29/56,1
BR5985245,1979-12-04,C07B 61/00,6
BR5985245,1979-12-04,C07B 61/00,6
BR5985245,1979-12-04,C07C 33/03,1
BR6168961,1993-10-28,C07C 19/01,2
BR6016370,1982-11-22,B01J 23/885,13
BR6016370,1982-11-22,C07B 61/00,3
BR6016370,1982-11-22,C07B 61/00,3
BR6016370,1982-11-22,C07C 29/153,8
BR6016370,1982-11-22,C07C 29/154,8
BR5998122,1981-06-30,G01J 3/443,4
BR5998122,1981-06-30,G01J 3/443,4
BR6228279,1999-05-27,A61P 31/00,1
BR6228279,1999-05-27,A61P 31/22,1
BR6228279,1999-05-27,A61K 31/352,1
BR6228279,1999-05-27,A61K 31/612,1
BR6228279,1999-05-27,A61K 36/00,7
BR6228279,1999-05-27,A61K 36/00,7
BR6228279,1999-05-27,A61P 17/00,1
BR6228279,1999-05-27,A61P 17/00,1
BR6228279,1999-05-27,A61P 31/12,1
BR6043417,1985-09-24,C07C 313/00,5
BR6043417,1985-09-24,C07C 313/00,5
BR6043417,1985-09-24,C07C 319/00,5
BR6043417,1985-09-24,C07C 319/18,5
BR6043417,1985-09-24,C07C 321/00,5
BR6043417,1985-09-24,C07C 321/18,5
BR6043417,1985-09-24,C07C 323/00,5
BR6043417,1985-09-24,C07C 323/12,5
BR6203956,1998-10-23,A23G 4/00,8
BR6203956,1998-10-23,A23G 4/00,8
BR6203956,1998-10-23,A61K 8/00,8
BR6203956,1998-10-23,A61K 8/00,8
BR6203956,1998-10-23,A61K 8/19,8
BR6203956,1998-10-23,A61K 8/25,8
BR6203956,1998-10-23,A61K 8/30,8
BR6203956,1998-10-23,A61K 8/36,8
BR6203956,1998-10-23,A61K 8/37,8
BR6203956,1998-10-23,A61K 8/40,8
BR6203956,1998-10-23,A61K 8/41,8
BR6203956,1998-10-23,A61K 8/44,8
BR6203956,1998-10-23,A61K 8/46,8
BR6203956,1998-10-23,A61K 8/60,8
BR6203956,1998-10-23,A61K 8/64,8
BR6203956,1998-10-23,A61K 8/66,8
BR6203956,1998-10-23,A61Q 1/02,8
BR6203956,1998-10-23,A61Q 1/02,8
BR6203956,1998-10-23,A61Q 1/14,8
BR6203956,1998-10-23,A61Q 1/14,8
BR6203956,1998-10-23,A61Q 11/00,8
BR6203956,1998-10-23,A61Q 11/00,8
BR6203956,1998-10-23,A61Q 11/02,8
BR6203956,1998-10-23,A61Q 11/02,8
BR6203956,1998-10-23,A61Q 19/00,8
BR6203956,1998-10-23,A61Q 19/00,8
BR6203956,1998-10-23,A61Q 19/10,8
BR6203956,1998-10-23,A61Q 19/10,8
BR6228195,1999-05-17,A61K 8/18,7
BR6228195,1999-05-17,A61K 8/18,7
BR6228195,1999-05-17,A61K 8/30,7
BR6228195,1999-05-17,A61K 8/37,7
BR6228195,1999-05-17,A61Q 13/00,7
BR6228195,1999-05-17,A61Q 13/00,7
WO2001053437,2001-01-24,C10L 1/182,5
BR5990816,1979-11-14,C12P 7/02,1
BR5990816,1979-11-14,C12P 7/06,1
BR5991152,1979-12-27,C12P 7/02,1
BR5991152,1979-12-27,C12P 7/14,1
BR6027185,1984-03-09,C10L 1/182,22
BR5994184,1980-09-23,C07B 61/00,5
BR5994184,1980-09-23,C07B 61/00,5
BR6080740,1988-02-01,B01D 61/24,2
BR6080740,1988-02-01,B01D 61/24,2
BR6080740,1988-02-01,B01D 61/36,2
BR6080740,1988-02-01,B01D 61/36,2
BR6080740,1988-02-01,B01D 71/00,2
BR6080740,1988-02-01,B01D 71/32,2
BR6080740,1988-02-01,B01D 71/82,2
BR6204496,1998-10-23,A23G 4/00,8
BR6204496,1998-10-23,A23G 4/00,8
BR6204496,1998-10-23,A61K 8/00,8
BR6204496,1998-10-23,A61K 8/00,8
BR6204496,1998-10-23,A61K 8/19,8
BR6204496,1998-10-23,A61K 8/25,8
BR6204496,1998-10-23,A61K 8/30,8
BR6204496,1998-10-23,A61K 8/36,8
BR6204496,1998-10-23,A61K 8/37,8
BR6204496,1998-10-23,A61K 8/40,8
BR6204496,1998-10-23,A61K 8/41,8
BR6204496,1998-10-23,A61K 8/44,8
BR6204496,1998-10-23,A61K 8/46,8
BR6204496,1998-10-23,A61K 8/60,8
BR6204496,1998-10-23,A61K 8/64,8
BR6204496,1998-10-23,A61K 8/66,8
BR6204496,1998-10-23,A61Q 1/02,8
BR6204496,1998-10-23,A61Q 1/02,8
BR6204496,1998-10-23,A61Q 1/14,8
BR6204496,1998-10-23,A61Q 1/14,8
BR6204496,1998-10-23,A61Q 11/00,8
BR6204496,1998-10-23,A61Q 11/00,8
BR6204496,1998-10-23,A61Q 11/02,8
BR6204496,1998-10-23,A61Q 11/02,8
BR6204496,1998-10-23,A61Q 19/00,8
BR6204496,1998-10-23,A61Q 19/00,8
BR6204496,1998-10-23,A61Q 19/10,8
BR6204496,1998-10-23,A61Q 19/10,8
WO1994023071,1994-03-25,C13B 20/14,17
BR6242448,2000-06-01,A61K 36/00,6
BR6242448,2000-06-01,A61K 36/00,6
BR6242448,2000-06-01,A61K 36/185,6
BR6242448,2000-06-01,A61K 36/185,6
BR6242448,2000-06-01,A61K 36/23,6
BR6242448,2000-06-01,A61K 36/31,6
BR6242448,2000-06-01,A61K 36/48,6
BR6242448,2000-06-01,A61K 36/534,6
BR6242448,2000-06-01,A61K 36/752,6
BR6242448,2000-06-01,A61K 36/88,6
BR6242448,2000-06-01,A61K 36/8962,6
BR6135363,1993-02-25,A61K 31/403,7
BR6135363,1993-02-25,A61K 36/88,13
BR6135363,1993-02-25,A61K 36/899,13
BR6135363,1993-02-25,A61P 1/00,7
BR6135363,1993-02-25,A61P 1/04,7
BR6135363,1993-02-25,A61P 3/00,7
BR6135363,1993-02-25,A61P 3/06,7
BR6135363,1993-02-25,A61P 7/00,7
BR6135363,1993-02-25,A61P 7/02,7
BR6135363,1993-02-25,A61P 9/00,7
BR6135363,1993-02-25,A61P 9/08,7
BR6135363,1993-02-25,A61P 9/10,7
BR6203426,1998-08-28,A61K 8/00,8
BR6203426,1998-08-28,A61K 8/00,8
BR6203426,1998-08-28,A61K 8/30,8
BR6203426,1998-08-28,A61K 8/35,8
BR6203426,1998-08-28,A61K 8/37,8
BR6203426,1998-08-28,A61Q 5/02,8
BR6203426,1998-08-28,A61Q 5/02,8
BR6203426,1998-08-28,A61Q 13/00,8
BR6203426,1998-08-28,A61Q 13/00,8
BR6203426,1998-08-28,A61Q 19/10,8
BR6203426,1998-08-28,A61Q 19/10,8
BR5991091,1979-12-20,C12P 7/02,1
BR5991091,1979-12-20,C12P 7/10,1
BR5995369,1980-11-28,C07B 61/00,5
BR5995369,1980-11-28,C07B 61/00,5
WO2008144903,2008-05-23,C08H 8/00,2
BR5992397,1980-06-06,C07B 61/00,5
BR5992397,1980-06-06,C07B 61/00,5
BR6204688,1998-10-23,A23G 4/00,8
BR6204688,1998-10-23,A23G 4/00,8
BR6204688,1998-10-23,A61K 8/00,8
BR6204688,1998-10-23,A61K 8/00,8
BR6204688,1998-10-23,A61K 8/19,8
BR6204688,1998-10-23,A61K 8/25,8
BR6204688,1998-10-23,A61K 8/30,8
BR6204688,1998-10-23,A61K 8/36,8
BR6204688,1998-10-23,A61K 8/37,8
BR6204688,1998-10-23,A61K 8/40,8
BR6204688,1998-10-23,A61K 8/41,8
BR6204688,1998-10-23,A61K 8/44,8
BR6204688,1998-10-23,A61K 8/46,8
BR6204688,1998-10-23,A61K 8/60,8
BR6204688,1998-10-23,A61K 8/64,8
BR6204688,1998-10-23,A61K 8/66,8
BR6204688,1998-10-23,A61Q 1/02,8
BR6204688,1998-10-23,A61Q 1/02,8
BR6204688,1998-10-23,A61Q 1/14,8
BR6204688,1998-10-23,A61Q 1/14,8
BR6204688,1998-10-23,A61Q 11/00,8
BR6204688,1998-10-23,A61Q 11/00,8
BR6204688,1998-10-23,A61Q 11/02,8
BR6204688,1998-10-23,A61Q 11/02,8
BR6204688,1998-10-23,A61Q 19/00,8
BR6204688,1998-10-23,A61Q 19/00,8
BR6204688,1998-10-23,A61Q 19/10,8
BR6204688,1998-10-23,A61Q 19/10,8
BR6136801,1994-03-21,B01J 23/835,1
WO2022129608,2021-12-17,C12P 7/625,1
BR5958742,1977-01-28,C01B 3/00,3
BR5958742,1977-01-28,C01B 3/22,3
BR6169239,1993-12-16,A23G 1/30,13
BR6169239,1993-12-16,A23G 1/30,13
BR6169239,1993-12-16,A23G 3/34,13
BR6169239,1993-12-16,A23G 3/34,13
BR6169239,1993-12-16,A23G 3/40,13
BR6111364,1991-02-05,C07C 19/10,4
BR6083865,1989-09-25,B01J 23/755,6
BR6083865,1989-09-25,B01J 23/755,6
BR6044375,1985-11-29,C07C 29/156,5
BR5997658,1981-03-26,C10L 1/182,25
BR6085127,1989-12-21,C07C 263/18,1
BR6085127,1989-12-21,C07C 263/00,1
BR6085127,1989-12-21,C07C 263/20,1
BR6085127,1989-12-21,C07C 265/00,1
BR6085127,1989-12-21,C07C 265/14,1
BR6085127,1989-12-21,C08G 101/00,1
BR6161980,1996-10-11,A61K 8/00,10
BR6161980,1996-10-11,A61K 8/00,10
BR6161980,1996-10-11,A61K 8/19,10
BR6161980,1996-10-11,A61K 8/19,10
BR6161980,1996-10-11,A61K 8/21,10
BR6161980,1996-10-11,A61K 8/22,10
BR6161980,1996-10-11,A61K 8/24,10
BR6161980,1996-10-11,A61K 8/30,10
BR6161980,1996-10-11,A61K 8/33,10
BR6161980,1996-10-11,A61K 8/34,10
BR6161980,1996-10-11,A61K 8/40,10
BR6161980,1996-10-11,A61K 8/41,10
BR6161980,1996-10-11,A61K 8/42,10
BR6161980,1996-10-11,A61K 8/43,10
BR6161980,1996-10-11,A61K 8/46,10
BR6161980,1996-10-11,A61K 8/49,10
BR6161980,1996-10-11,A61K 8/66,10
BR6161980,1996-10-11,A61K 8/72,10
BR6161980,1996-10-11,A61K 8/73,10
BR6161980,1996-10-11,A61K 8/92,10
BR6161980,1996-10-11,A61K 8/92,10
BR6161980,1996-10-11,A61K 8/96,10
BR6161980,1996-10-11,A61K 8/97,10
BR6161980,1996-10-11,A61P 11/00,4
BR6161980,1996-10-11,A61P 11/00,4
BR6161980,1996-10-11,A61P 31/00,4
BR6161980,1996-10-11,A61P 31/00,4
BR6161980,1996-10-11,A61P 31/04,4
BR6161980,1996-10-11,A61Q 11/00,10
BR6161980,1996-10-11,A61Q 11/00,10
BR6161980,1996-10-11,A61Q 17/00,10
BR6161980,1996-10-11,A61Q 17/00,10
BR6044371,1985-11-29,C07C 29/156,5
BR5977276,1979-05-10,C10L 1/182,27
BR5977276,1979-05-10,B01J 23/83,16
BR5977276,1979-05-10,B01J 23/889,16
BR5977276,1979-05-10,B01J 23/89,1
BR5977276,1979-05-10,B01J 23/89,1
BR5977276,1979-05-10,C07B 61/00,6
BR5977276,1979-05-10,C07B 61/00,6
BR5977276,1979-05-10,C07C 29/15,1
BR5977276,1979-05-10,C07C 29/153,11
BR5977276,1979-05-10,C07C 29/154,11
BR5977276,1979-05-10,C07C 29/157,11
BR5977276,1979-05-10,C07C 29/158,11
BR5977276,1979-05-10,C10G 2/00,11
BR5977276,1979-05-10,C10G 2/00,11
BR6264213,2001-08-10,C10L 10/08,5
BR6264213,2001-08-10,C10L 10/08,5
BR6006891,1981-08-06,C12C 11/09,14
BR6006891,1981-08-06,C12G 1/022,14
BR6273803,2001-02-13,C10L 1/182,5
BR6273803,2001-02-13,C10L 1/185,5
BR6273803,2001-02-13,C10L 10/08,5
BR6273803,2001-02-13,C10L 10/08,5
BR5882905,1963-10-11,C07C 303/00,27
BR5882905,1963-10-11,C07C 303/24,27
BR5882905,1963-10-11,C07C 305/00,27
BR5882905,1963-10-11,C07C 305/04,27
BR5882905,1963-10-11,C07C 305/06,27
BR6055177,1987-02-02,C07C 29/153,3
BR6208471,1999-09-08,C10L 1/19,7
BR6014642,1982-07-23,C10L 1/23,24
BR5930465,1974-05-30,B01J 23/00,0
BR5930465,1974-05-30,B01J 23/00,0
BR5930465,1974-05-30,B01J 31/00,0
BR5930465,1974-05-30,B01J 31/00,0
BR5930465,1974-05-30,C07B 61/00,11
BR5930465,1974-05-30,C07B 61/00,11
BR5930476,1974-05-31,B01J 31/16,0
BR5930476,1974-05-31,B01J 31/20,0
BR5930476,1974-05-31,B01J 31/22,0
BR5930476,1974-05-31,C07C 29/15,6
BR5930476,1974-05-31,C07C 29/151,16
BR5930476,1974-05-31,C07C 29/153,16
BR5930476,1974-05-31,C07C 29/154,16
BR5930476,1974-05-31,C07C 29/156,16
BR5930476,1974-05-31,C07C 29/157,16
BR5930476,1974-05-31,C07C 29/158,16
BR5965226,1978-02-14,B01J 23/745,17
BR5965226,1978-02-14,B01J 23/745,17
BR5965226,1978-02-14,C07B 61/00,7
BR5965226,1978-02-14,C07B 61/00,7
BR5965226,1978-02-14,C07C 29/157,12
BR5965226,1978-02-14,C10L 3/08,12
BR6083249,1989-08-01,B01J 27/199,1
BR6083249,1989-08-01,B01J 23/652,6
BR5950896,1976-06-25,A61K 8/30,30
BR5950896,1976-06-25,A61K 8/34,30
BR5950896,1976-06-25,A61Q 19/00,30
BR5950896,1976-06-25,A61Q 19/00,30
BR5950896,1976-06-25,C07C 29/36,4
BR5950896,1976-06-25,C07C 29/54,4
BR5973920,1978-10-25,C07C 69/007,2
BR5973920,1978-10-25,A01N 37/10,2
BR5973920,1978-10-25,A01N 37/10,2
BR5973920,1978-10-25,A01N 53/00,2
BR5973920,1978-10-25,A01N 53/02,17
BR5973920,1978-10-25,A01N 53/06,17
BR5973920,1978-10-25,A01N 53/08,17
BR5973920,1978-10-25,C07C 43/225,2
BR5973920,1978-10-25,C07C 69/743,2
BR5973920,1978-10-25,C07C 69/747,2
BR5973920,1978-10-25,C07C 255/00,12
BR5973920,1978-10-25,C07C 255/16,12
BR5973920,1978-10-25,C07C 255/38,12
BR5973920,1978-10-25,C07C 255/53,12
BR5973920,1978-10-25,C07C 313/00,12
BR5973920,1978-10-25,C07C 313/00,12
BR5973920,1978-10-25,C07C 319/00,12
BR5973920,1978-10-25,C07C 319/20,12
BR5973920,1978-10-25,C07C 323/00,12
BR5973920,1978-10-25,C07C 323/12,12
BR5973920,1978-10-25,C07D 209/49,12
BR5910178,1972-07-26,C07C 41/42,8
BR6063686,1987-10-13,C12H 1/15,8
BR6076003,1989-03-06,C10L 1/192,17
BR6076003,1989-03-06,C10L 1/196,17
BR6182194,1997-10-06,C09K 8/52,9
BR6182194,1997-10-06,C09K 8/52,9
BR6182194,1997-10-06,C10L 1/182,9
BR6182194,1997-10-06,C10L 1/185,9
BR6182194,1997-10-06,C10L 1/222,9
BR5937936,1974-11-28,C07C 213/00,16
BR5937936,1974-11-28,C07C 213/00,16
BR5937936,1974-11-28,C07C 213/04,16
BR5937936,1974-11-28,C07C 215/00,16
BR5937936,1974-11-28,C07C 215/08,16
BR5937936,1974-11-28,C07C 301/00,16
BR5937936,1974-11-28,C07C 301/00,16
BR5937936,1974-11-28,C07C 303/00,16
BR5937936,1974-11-28,C07C 303/28,16
BR5937936,1974-11-28,C07C 309/00,16
BR5937936,1974-11-28,C07C 309/73,16
WO2020064900,2019-09-26,C12N 11/093,1
BR5996948,1981-02-16,C07B 61/00,4
BR5996948,1981-02-16,C07B 61/00,4
BR6046322,1986-04-17,C07C 313/00,4
BR6046322,1986-04-17,C07C 313/00,4
BR6046322,1986-04-17,A01N 53/06,9
BR6046322,1986-04-17,C07C 209/00,4
BR6046322,1986-04-17,C07C 209/10,4
BR6046322,1986-04-17,C07C 211/00,4
BR6046322,1986-04-17,C07C 211/52,4
BR6046322,1986-04-17,C07C 213/00,4
BR6046322,1986-04-17,C07C 213/00,4
BR6046322,1986-04-17,C07C 213/06,4
BR6046322,1986-04-17,C07C 215/00,4
BR6046322,1986-04-17,C07C 215/68,4
BR6046322,1986-04-17,C07C 219/00,4
BR6046322,1986-04-17,C07C 219/32,4
BR6046322,1986-04-17,C07C 315/00,4
BR6046322,1986-04-17,C07C 315/00,4
BR6046322,1986-04-17,C07C 315/04,4
BR6046322,1986-04-17,C07C 317/00,4
BR6046322,1986-04-17,C07C 317/14,4
BR6046322,1986-04-17,C07C 317/22,4
BR6046322,1986-04-17,C07C 319/00,4
BR6046322,1986-04-17,C07C 319/14,4
BR6046322,1986-04-17,C07C 319/20,4
BR6046322,1986-04-17,C07C 323/00,4
BR6046322,1986-04-17,C07C 323/09,4
BR6046322,1986-04-17,C07C 323/19,4
BR5964411,1977-12-22,A61K 8/30,29
BR5964411,1977-12-22,A61K 8/33,29
BR5964411,1977-12-22,A61Q 13/00,29
BR5964411,1977-12-22,A61Q 13/00,29
BR5964411,1977-12-22,C07B 61/00,8
BR5964411,1977-12-22,C07B 61/00,8
BR5964411,1977-12-22,C07C 41/20,3
BR5964411,1977-12-22,C07C 43/184,3
BR5964411,1977-12-22,C07C 43/188,3
BR5882405,1963-01-21,B01J 31/16,11
BR5882405,1963-01-21,B01J 31/24,11
BR5882405,1963-01-21,C07C 29/00,5
BR5882405,1963-01-21,C07C 29/00,5
BR5882405,1963-01-21,C07C 29/16,5
BR5882405,1963-01-21,C07C 41/00,5
BR5882405,1963-01-21,C07C 41/50,17
BR5882405,1963-01-21,C07C 45/00,5
BR5882405,1963-01-21,C07C 45/50,17
BR5977299,1979-05-11,C07C 201/00,11
BR5977299,1979-05-11,C07C 201/02,11
BR5899137,1970-03-04,B01J 21/00,4
BR5899137,1970-03-04,B01J 21/00,4
BR5899137,1970-03-04,C07B 61/00,15
BR5899137,1970-03-04,C07B 61/00,15
BR5899137,1970-03-04,C07C 29/132,10
BR5899137,1970-03-04,C07C 45/53,10
BR5899137,1970-03-04,C07C 409/00,20
BR5899137,1970-03-04,C07C 409/08,20
BR6240287,2000-03-28,C10L 1/234,6
BR6240287,2000-03-28,C10L 1/2387,6
BR6240287,2000-03-28,C10L 10/08,6
BR6240287,2000-03-28,C10L 10/08,6
BR5939528,1975-04-29,C07C 29/141,15
BR5939528,1975-04-29,C07C 29/17,5
BR5939528,1975-04-29,C07C 31/125,5
BR5939528,1975-04-29,C07C 45/50,5
BR5939528,1975-04-29,C07C 45/74,5
BR6192712,1997-10-20,C10L 1/224,9
BR6192712,1997-10-20,C10L 10/18,9
BR6003582,1981-06-17,C07B 61/00,4
BR6003582,1981-06-17,C07B 61/00,4
BR6003582,1981-06-17,C07C 29/153,9
BR6003582,1981-06-17,C07C 29/154,9
BR6003582,1981-06-17,C07C 29/156,9
BR5996112,1980-07-10,C07C 29/143,10
BR6220536,2000-10-25,A61K 8/365,6
BR6220536,2000-10-25,A61K 8/30,6
BR6220536,2000-10-25,A61K 8/34,6
BR6220536,2000-10-25,A61K 8/60,6
BR6220536,2000-10-25,A61Q 11/00,6
BR6220536,2000-10-25,A61Q 11/00,6
BR6232299,1999-11-09,C10L 1/182,7
BR6232299,1999-11-09,C10L 1/185,7
BR6232299,1999-11-09,C10L 1/19,7
BR6232299,1999-11-09,C10L 10/10,7
BR6232299,1999-11-09,C10L 10/10,7
BR6198845,1998-01-27,C10L 1/182,8
BR6198845,1998-01-27,C10L 10/08,8
BR6198845,1998-01-27,C10L 10/08,8
BR5918199,1973-03-20,A61K 31/135,1
BR5918199,1973-03-20,A61K 31/135,1
BR5918199,1973-03-20,A61K 31/21,1
BR5918199,1973-03-20,A61K 31/255,1
BR5918199,1973-03-20,A61P 11/00,27
BR5918199,1973-03-20,A61P 11/08,27
BR5918199,1973-03-20,C07C 49/825,7
BR5918199,1973-03-20,C07C 313/00,17
BR5918199,1973-03-20,C07C 313/00,17
BR5918199,1973-03-20,C07C 315/00,17
BR5918199,1973-03-20,C07C 315/04,17
BR5918199,1973-03-20,C07C 317/00,17
BR5918199,1973-03-20,C07C 317/14,17
BR5918199,1973-03-20,C07C 317/28,17
BR5918199,1973-03-20,C07C 317/32,17
BR5918199,1973-03-20,C07C 317/36,17
BR6199553,1998-03-20,C10L 1/182,8
BR6199553,1998-03-20,C10L 1/185,8
BR6199553,1998-03-20,C10L 1/198,8
BR6199553,1998-03-20,C10L 10/18,8
BR5922035,1973-09-25,C08F 8/00,1
BR5922035,1973-09-25,C07C 67/03,1
BR5922035,1973-09-25,C08F 8/00,1
BR5922035,1973-09-25,C08F 8/12,1
BR5951881,1976-07-08,C07B 61/00,9
BR5951881,1976-07-08,C07B 61/00,9
BR5951881,1976-07-08,C07C 7/148,4
BR5951881,1976-07-08,C07C 41/05,4
BR6274846,2001-11-08,C10L 1/182,5
BR6274846,2001-11-08,C10L 1/224,5
BR6307831,2003-12-22,C10L 1/182,3
BR6073446,1988-09-13,C07C 29/149,2
BR6003920,1981-07-07,C07B 61/00,4
BR6003920,1981-07-07,C07B 61/00,4
BR5975878,1979-02-15,C01B 3/00,1
BR5975878,1979-02-15,C01B 3/32,1
BR5975878,1979-02-15,C10L 3/08,11
BR5996650,1981-01-28,C10L 3/08,9
BR6032683,1984-05-29,C07C 301/00,6
BR6032683,1984-05-29,C07C 301/00,6
BR6032683,1984-05-29,C07C 303/00,6
BR6032683,1984-05-29,C07C 303/32,6
BR6032683,1984-05-29,C07C 303/42,6
BR6032683,1984-05-29,C07C 309/00,6
BR6032683,1984-05-29,C07C 309/17,6
BR6032683,1984-05-29,C07C 309/62,6
BR5984911,1979-11-14,C07C 41/26,1
BR5984911,1979-11-14,C07C 43/295,1
BR5984911,1979-11-14,C07C 45/42,1
BR5984911,1979-11-14,C07C 45/43,1
BR6076151,1989-03-17,C07C 29/149,1
BR6025701,1983-12-06,C07B 61/00,2
BR6025701,1983-12-06,C07B 61/00,2
BR5951482,1976-08-03,C07B 61/00,9
BR5951482,1976-08-03,C07B 61/00,9
BR5951482,1976-08-03,C07C 29/34,4
BR5951482,1976-08-03,C07C 31/125,4
BR5882959,1963-11-04,C07C 33/00,5
BR5882959,1963-11-04,C07C 33/025,17
BR5899581,1970-03-30,B01J 21/00,4
BR5899581,1970-03-30,B01J 21/08,4
BR5899581,1970-03-30,B01J 27/14,4
BR5899581,1970-03-30,B01J 27/16,4
BR5899581,1970-03-30,C07B 61/00,15
BR5899581,1970-03-30,C07B 61/00,15
BR6291111,2003-03-10,C10L 1/192,3
BR6291111,2003-03-10,C10L 1/198,3
BR5972331,1978-07-21,C07C 45/29,2
BR5972331,1978-07-21,C07B 31/00,7
BR5972331,1978-07-21,C07B 31/00,7
BR5972331,1978-07-21,C07B 33/00,7
BR5972331,1978-07-21,C07B 33/00,7
BR5972331,1978-07-21,C07B 43/00,7
BR5972331,1978-07-21,C07B 43/00,7
BR5972331,1978-07-21,C07B 45/00,7
BR5972331,1978-07-21,C07B 45/06,7
BR5972331,1978-07-21,C07B 61/00,7
BR5972331,1978-07-21,C07B 61/00,7
BR5972331,1978-07-21,C07C 241/00,12
BR5972331,1978-07-21,C07C 241/00,12
BR5972331,1978-07-21,C07C 251/00,12
BR5972331,1978-07-21,C07C 251/02,12
BR5972331,1978-07-21,C07C 253/00,12
BR5972331,1978-07-21,C07C 253/00,12
BR5972331,1978-07-21,C07C 255/00,12
BR5972331,1978-07-21,C07C 255/03,12
BR5972331,1978-07-21,C07C 325/00,12
BR5972331,1978-07-21,C07C 325/02,12
BR5937408,1974-11-04,C07C 305/00,16
BR5937408,1974-11-04,C07C 305/10,16
BR5937408,1974-11-04,C07C 301/00,16
BR5937408,1974-11-04,C07C 301/00,16
BR5937408,1974-11-04,C07C 303/00,16
BR5937408,1974-11-04,C07C 303/24,16
BR5937408,1974-11-04,C07C 305/04,16
BR5937408,1974-11-04,C07C 305/06,16
BR5937408,1974-11-04,C08G 65/334,26
BR5897533,1969-12-11,B01J 21/00,5
BR5897533,1969-12-11,B01J 21/00,5
BR5897533,1969-12-11,C07B 61/00,16
BR5897533,1969-12-11,C07B 61/00,16
BR5897533,1969-12-11,C07C 29/09,11
BR5897533,1969-12-11,C07C 45/50,11
BR5901118,1970-12-22,C07C 47/21,10
BR5901118,1970-12-22,B01J 23/00,4
BR5901118,1970-12-22,B01J 23/00,4
BR5901118,1970-12-22,B01J 31/00,4
BR5901118,1970-12-22,B01J 31/00,4
BR5901118,1970-12-22,C07B 61/00,15
BR5901118,1970-12-22,C07B 61/00,15
BR5901118,1970-12-22,C07C 45/32,10
BR5901118,1970-12-22,C07C 45/37,10
BR5901118,1970-12-22,C07C 49/203,10
BR5894691,1969-07-24,C07C 45/63,11
BR5894691,1969-07-24,C07C 45/71,11
BR6035979,1984-12-28,B01J 27/051,1
BR6035979,1984-12-28,C07B 61/00,1
BR6035979,1984-12-28,C07B 61/00,1
BR6035979,1984-12-28,C07C 29/153,6
BR5923205,1973-11-30,B01J 21/00,1
BR5923205,1973-11-30,B01J 21/02,1
BR6006149,1981-11-27,C07C 201/00,9
BR6006149,1981-11-27,C07C 201/00,9
BR6006149,1981-11-27,C07C 205/00,9
BR6006149,1981-11-27,C07C 205/38,9
BR6006149,1981-11-27,C07C 205/42,9
BR6006149,1981-11-27,C07C 205/56,9
BR6006149,1981-11-27,C07C 235/00,9
BR6006149,1981-11-27,C07C 235/12,9
BR6006149,1981-11-27,C07C 253/00,9
BR6006149,1981-11-27,C07C 253/00,9
BR6006149,1981-11-27,C07C 255/00,9
BR6006149,1981-11-27,C07C 255/37,9
BR6006149,1981-11-27,C07C 255/38,9
BR6006149,1981-11-27,C07C 255/40,9
BR6006149,1981-11-27,C07C 255/50,9
BR6006149,1981-11-27,C07C 255/53,9
BR6006149,1981-11-27,C07C 325/00,9
BR6006149,1981-11-27,C07C 325/00,9
BR6006149,1981-11-27,C07C 327/00,9
BR6006149,1981-11-27,C07C 327/32,9
BR5960304,1977-05-11,C07B 61/00,8
BR5960304,1977-05-11,C07B 61/00,8
BR6007477,1982-01-29,A01N 53/08,13
BR6007477,1982-01-29,C07C 253/00,8
BR6007477,1982-01-29,C07C 253/00,8
BR6007477,1982-01-29,C07C 255/00,8
BR6007477,1982-01-29,C07C 255/38,8
BR6007477,1982-01-29,C07C 255/53,8
BR5885620,1965-12-17,C07C 205/00,25
BR5885620,1965-12-17,C07C 205/37,25
BR5986053,1980-01-18,A61P 25/00,20
BR5986053,1980-01-18,A61P 25/00,20
BR5986053,1980-01-18,C07B 61/00,5
BR5986053,1980-01-18,C07B 61/00,5
BR5905516,1971-10-29,C07C 29/141,19
BR6002572,1981-04-28,C07C 323/00,9
BR6002572,1981-04-28,C07C 323/12,9
BR6002572,1981-04-28,B01J 29/50,14
BR6002572,1981-04-28,B01J 29/60,14
BR6002572,1981-04-28,C07B 61/00,4
BR6002572,1981-04-28,C07B 61/00,4
BR6002572,1981-04-28,C07C 313/00,9
BR6002572,1981-04-28,C07C 313/00,9
BR6002572,1981-04-28,C07C 319/00,9
BR6002572,1981-04-28,C07C 319/02,9
BR6002572,1981-04-28,C07C 323/16,9
BR6002572,1981-04-28,C07C 323/17,9
BR5920799,1973-07-10,B01J 8/02,1
BR5920799,1973-07-10,B01J 8/02,1
BR5920799,1973-07-10,B01J 31/06,1
BR5920799,1973-07-10,B01J 31/10,1
BR5920799,1973-07-10,B01J 35/00,1
BR5920799,1973-07-10,B01J 35/10,1
BR6051339,1986-05-22,B01J 29/70,9
BR6051339,1986-05-22,C01B 39/00,9
BR6051339,1986-05-22,C01B 39/04,9
BR6051339,1986-05-22,C01B 39/34,9
BR6051339,1986-05-22,C01B 39/46,9
BR6051339,1986-05-22,C01B 39/48,9
BR5982513,1979-06-26,A01N 53/00,1
BR5982513,1979-06-26,A01N 53/08,16
BR5982513,1979-06-26,C07C 41/26,1
BR5982513,1979-06-26,C07C 43/295,1
BR6203180,1998-08-04,A61P 35/00,2
BR6203180,1998-08-04,A61P 35/00,2
BR5894692,1969-07-24,C07C 45/29,11
BR5894692,1969-07-24,C07C 45/71,11
BR5894692,1969-07-24,C07C 49/255,11
BR5894692,1969-07-24,C07C 49/84,5
BR5898021,1969-12-29,B01J 31/00,5
BR5898021,1969-12-29,B01J 31/00,5
BR5898021,1969-12-29,C07B 31/00,16
BR5898021,1969-12-29,C07B 31/00,16
BR5898021,1969-12-29,C07B 37/00,16
BR5898021,1969-12-29,C07B 37/08,16
BR5898021,1969-12-29,C07B 61/00,16
BR5898021,1969-12-29,C07B 61/00,16
BR5898021,1969-12-29,C07C 29/56,11
BR5898021,1969-12-29,C07C 33/025,11
BR5898021,1969-12-29,C07C 33/03,11
BR5898021,1969-12-29,C07C 33/05,5
BR5964122,1977-12-08,C07B 61/00,8
BR5964122,1977-12-08,C07B 61/00,8
BR5964122,1977-12-08,C07C 239/00,13
BR5964122,1977-12-08,C07C 239/00,13
BR5964122,1977-12-08,C07C 271/00,13
BR5964122,1977-12-08,C07C 271/06,13
BR6094859,1990-09-27,B01J 23/755,5
BR6094859,1990-09-27,B01J 23/755,5
BR6003731,1981-06-26,C07B 61/00,4
BR6003731,1981-06-26,C07B 61/00,4
BR6033641,1984-08-09,C07B 61/00,1
BR6033641,1984-08-09,C07B 61/00,1
BR5884848,1965-06-11,C12N 9/24,15
BR5884848,1965-06-11,C12N 9/24,15
BR5884848,1965-06-11,C12N 9/42,15
BR5884848,1965-06-11,C12N 9/42,15
BR5884848,1965-06-11,C12P 19/00,15
BR5884848,1965-06-11,C12P 19/14,15
BR5901761,1971-02-17,A61K 31/135,3
BR5901761,1971-02-17,A61K 31/135,3
BR5901761,1971-02-17,A61K 31/17,3
BR5901761,1971-02-17,A61K 31/17,3
BR5901761,1971-02-17,C07C 273/00,19
BR5901761,1971-02-17,C07C 273/18,19
BR5901761,1971-02-17,C07C 275/00,19
BR5901761,1971-02-17,C07C 275/34,19
BR6023659,1983-06-28,A01N 43/653,2
BR6023659,1983-06-28,C07C 17/269,12
BR6042714,1985-07-29,C07C 29/156,5
BR6042714,1985-07-29,C10G 2/00,5
BR6042714,1985-07-29,C10G 2/00,5
BR6004853,1981-09-08,C07C 29/151,9
BR6004853,1981-09-08,C07C 29/153,9
BR5903914,1971-08-09,C12P 19/00,9
BR5903914,1971-08-09,C12P 19/22,9
BR5903914,1971-08-09,A61K 9/08,3
BR5903914,1971-08-09,A61K 9/08,3
BR5903914,1971-08-09,A61K 31/70,3
BR5903914,1971-08-09,A61K 31/70,3
BR6042713,1985-07-29,C07C 29/153,5
BR6207764,1999-02-11,A61P 3/00,1
BR6207764,1999-02-11,A61P 3/00,1
BR6207764,1999-02-11,A61P 3/10,1
BR6207764,1999-02-11,A61P 31/00,1
BR6207764,1999-02-11,A61P 31/18,1
BR6207764,1999-02-11,A61P 31/20,1
BR6209647,1999-05-07,A61K 8/30,7
BR6209647,1999-05-07,A61K 8/30,7
BR6209647,1999-05-07,A61K 8/41,7
BR6209647,1999-05-07,A61K 8/42,7
BR6209647,1999-05-07,A61K 8/68,7
BR6209647,1999-05-07,A61K 31/164,1
BR6209647,1999-05-07,A61K 31/164,1
BR6209647,1999-05-07,A61K 31/7028,1
BR6209647,1999-05-07,A61K 31/7028,1
BR6209647,1999-05-07,A61Q 19/00,7
BR6209647,1999-05-07,A61Q 19/00,7
BR6209647,1999-05-07,C07G 99/00,10
BR6209647,1999-05-07,C07G 99/00,10
BR6064123,1987-11-12,C07C 305/00,3
BR6064123,1987-11-12,C07C 305/10,3
BR5925964,1974-05-10,B01J 23/00,0
BR5925964,1974-05-10,B01J 23/00,0
BR5925964,1974-05-10,B01J 23/16,0
BR5925964,1974-05-10,B01J 23/18,0
BR5925964,1974-05-10,B01J 23/28,0
BR5925964,1974-05-10,B01J 23/31,6
BR5925964,1974-05-10,B01J 23/34,0
BR5925964,1974-05-10,B01J 23/76,0
BR5925964,1974-05-10,B01J 23/88,0
BR5925964,1974-05-10,B01J 27/14,0
BR5925964,1974-05-10,B01J 27/186,16
BR5925964,1974-05-10,C07B 61/00,11
BR5925964,1974-05-10,C07B 61/00,11
BR5925964,1974-05-10,C07C 67/39,6
BR6252830,1999-01-28,C10L 1/182,7
BR5964397,1977-12-21,C07C 69/747,3
BR5964397,1977-12-21,A01N 53/00,3
BR5964397,1977-12-21,A01N 53/00,3
BR5964397,1977-12-21,A01N 53/06,18
BR5964397,1977-12-21,C07B 61/00,8
BR5964397,1977-12-21,C07B 61/00,8
BR5986723,1980-03-03,C07B 61/00,5
BR5986723,1980-03-03,C07B 61/00,5
BR5986795,1980-03-03,C07B 61/00,5
BR5986795,1980-03-03,C07B 61/00,5
BR6084156,1989-10-17,C07C 29/149,1
BR6001387,1980-12-02,C07B 61/00,5
BR6001387,1980-12-02,C07B 61/00,5
BR6026861,1984-02-13,A23B 4/03,6
BR6026861,1984-02-13,A23B 4/03,6
BR6026861,1984-02-13,A23B 4/044,6
BR6026861,1984-02-13,A23B 4/044,6
BR6026861,1984-02-13,A23B 4/052,6
BR6017219,1982-10-29,C12N 15/01,8
BR6017219,1982-10-29,C12N 15/01,8
BR6261672,2001-04-19,C10L 1/182,5
BR6261672,2001-04-19,C10L 10/18,5
BR5994803,1980-10-29,B01J 29/40,15
BR5994803,1980-10-29,B01J 29/50,15
BR5994803,1980-10-29,B01J 29/60,15
BR5994803,1980-10-29,B01J 29/65,15
BR5994803,1980-10-29,B01J 29/70,15
BR6091272,1990-01-31,B01J 23/75,5
BR6091272,1990-01-31,B01J 23/75,5
BR6091272,1990-01-31,B01J 23/755,5
BR6091272,1990-01-31,B01J 23/755,5
BR6094811,1990-09-25,B01J 23/755,5
BR6094811,1990-09-25,B01J 23/755,5
WO2010080428,2009-12-16,C08H 8/00,1
BR6246674,2000-12-22,C10L 1/19,6
BR6246674,2000-12-22,C10L 10/12,6
BR6246674,2000-12-22,C10L 10/12,6
BR6169629,1994-08-02,C10L 1/188,12
BR6080739,1988-02-01,B01D 61/24,2
BR6080739,1988-02-01,B01D 61/24,2
BR6080739,1988-02-01,B01D 61/36,2
BR6080739,1988-02-01,B01D 61/36,2
BR6080739,1988-02-01,B01D 67/00,2
BR6080739,1988-02-01,B01D 67/00,2
BR6080739,1988-02-01,B01D 71/00,2
BR6080739,1988-02-01,B01D 71/32,2
BR6080739,1988-02-01,B01D 71/82,2
BR5924513,1974-02-20,C12N 15/00,6
BR5924513,1974-02-20,C12N 15/00,6
BR5924513,1974-02-20,C12N 1/00,6
BR5924513,1974-02-20,C12N 1/00,6
BR5924513,1974-02-20,C12N 1/16,6
BR5924513,1974-02-20,C12N 1/16,6
BR5924513,1974-02-20,C12N 1/26,6
BR5924513,1974-02-20,C12N 1/28,6
BR5924513,1974-02-20,C12N 1/32,6
BR5924513,1974-02-20,C12N 1/32,6
BR5924513,1974-02-20,C12N 15/01,16
BR5924513,1974-02-20,C12N 15/01,16
BR5924513,1974-02-20,C12P 19/00,6
BR5924513,1974-02-20,C12P 19/34,6
BR6036630,1985-03-05,C12N 15/09,5
BR6036630,1985-03-05,C12N 15/09,5
BR6036630,1985-03-05,A01H 4/00,5
BR6036630,1985-03-05,A01H 4/00,5
BR6036630,1985-03-05,C12N 5/04,5
BR6036630,1985-03-05,C12N 5/04,5
BR6036630,1985-03-05,C12N 5/10,5
BR6036630,1985-03-05,C12N 5/10,5
BR6036630,1985-03-05,C12N 15/01,5
BR6036630,1985-03-05,C12N 15/01,5
BR6036630,1985-03-05,C12N 15/52,5
BR6036630,1985-03-05,C12N 15/52,5
BR6036630,1985-03-05,C12N 15/82,5
BR6036630,1985-03-05,C12N 15/82,5
BR5987270,1980-04-02,C10L 1/182,26
BR6274842,2001-11-08,C10L 1/182,5
BR6274842,2001-11-08,C10L 1/188,5
BR6274842,2001-11-08,C10L 1/19,5
BR6199718,1998-03-03,A61K 8/00,8
BR6199718,1998-03-03,A61K 8/00,8
BR6199718,1998-03-03,A61K 8/30,8
BR6199718,1998-03-03,A61K 8/42,8
BR6199718,1998-03-03,A61K 8/60,8
BR6199718,1998-03-03,A61Q 11/00,8
BR6199718,1998-03-03,A61Q 11/00,8
BR5891571,1968-04-25,A61K 31/21,6
BR5891571,1968-04-25,A61K 31/255,6
BR5891571,1968-04-25,C07C 43/00,0
BR5891571,1968-04-25,C07C 43/12,0
BR5891571,1968-04-25,C07C 51/16,0
BR5891571,1968-04-25,C07C 51/27,12
BR5891571,1968-04-25,C07C 51/41,12
BR5891571,1968-04-25,C07C 51/41,12
BR5891571,1968-04-25,C07C 53/00,0
BR5891571,1968-04-25,C07C 53/19,12
BR5891571,1968-04-25,C07C 59/00,0
BR5891571,1968-04-25,C07C 59/135,12
BR5891571,1968-04-25,C07C 305/00,22
BR5891571,1968-04-25,C07C 305/08,22
BR5891571,1968-04-25,C08F 16/00,6
BR5891571,1968-04-25,C08F 16/24,6
BR5891571,1968-04-25,C08F 20/00,6
BR5891571,1968-04-25,C08F 20/22,6
BR5891571,1968-04-25,C08F 290/00,27
BR5891571,1968-04-25,C08F 290/04,27
BR5891571,1968-04-25,C11D 1/00,0
BR5891571,1968-04-25,C11D 1/00,0
BR5891571,1968-04-25,D06M 13/00,0
BR5891571,1968-04-25,D06M 13/144,22
BR5891571,1968-04-25,D06M 13/236,22
BR5891571,1968-04-25,D06M 13/256,22
BR5891571,1968-04-25,D06M 15/21,17
BR5891571,1968-04-25,D06M 15/277,17
BR5891571,1968-04-25,D06M 15/353,17
BR5891571,1968-04-25,E04B 1/58,0
BR5891571,1968-04-25,E04B 1/58,0
BR5891571,1968-04-25,E04B 2/76,0
BR5891571,1968-04-25,E04B 2/78,0
BR6304117,2003-08-22,C10L 1/182,3
BR6304117,2003-08-22,C10L 1/185,3
BR6304117,2003-08-22,C10L 1/19,3
BR6304117,2003-08-22,C10L 1/222,3
BR6303665,2003-08-05,A61K 36/00,3
BR6303665,2003-08-05,A61K 36/00,3
BR6303665,2003-08-05,A61K 36/185,3
BR6303665,2003-08-05,A61K 36/48,3
BR5963929,1977-11-28,C10L 1/182,29
BR5963929,1977-11-28,C10L 1/185,29
BR5963929,1977-11-28,C10L 1/192,29
BR5963929,1977-11-28,C10L 1/222,29
BR5963929,1977-11-28,C10L 1/234,29
BR5963929,1977-11-28,C10L 10/12,29
BR5963929,1977-11-28,C10L 10/12,29
BR6035302,1984-03-16,B01J 27/051,1
BR6035302,1984-03-16,C07C 29/153,6
BR5893213,1969-04-28,C07C 205/00,21
BR5893213,1969-04-28,C07C 205/56,21
BR5893213,1969-04-28,C07D 207/00,5
BR5893213,1969-04-28,C07D 207/32,5
BR5893213,1969-04-28,C07D 207/327,11
WO2009003292,2008-07-04,C08H 8/00,2
BR6316872,2003-12-13,C10L 1/182,3
BR5894689,1969-07-24,A61K 31/135,5
BR5894689,1969-07-24,A61K 31/135,5
BR5894689,1969-07-24,C07C 45/71,11
BR5941364,1975-07-31,C07C 29/141,15
BR5941364,1975-07-31,C07C 45/35,5
BR6303130,2003-07-23,C10L 1/188,3
BR6303130,2003-07-23,C10L 1/19,3
BR6303130,2003-07-23,C10L 1/222,3
BR6303130,2003-07-23,C10L 1/224,3
BR6303130,2003-07-23,C10L 1/2383,3
BR6196561,1998-10-20,A61K 8/30,8
BR6196561,1998-10-20,A61K 8/33,8
BR6196561,1998-10-20,A61Q 13/00,8
BR6196561,1998-10-20,A61Q 13/00,8
BR5972110,1978-07-07,C07C 29/80,2
BR5972110,1978-07-07,C12P 7/02,2
BR5972110,1978-07-07,C12P 7/06,2
BR6300957,2003-07-29,C10L 1/182,3
BR6035452,1984-12-20,C12N 15/09,6
BR6035452,1984-12-20,C12N 15/09,6
BR6035452,1984-12-20,C12N 15/81,6
BR6035452,1984-12-20,C12N 15/81,6
BR6242294,2000-06-16,A61K 8/30,6
BR6242294,2000-06-16,A61K 8/30,6
BR6242294,2000-06-16,A61K 8/34,6
BR6242294,2000-06-16,A61Q 19/00,6
BR6242294,2000-06-16,A61Q 19/00,6
BR5887651,1967-01-31,A01N 47/28,13
BR5887651,1967-01-31,A01N 47/28,13
BR5887651,1967-01-31,A01N 47/30,13
BR5887651,1967-01-31,C07C 275/00,23
BR5887651,1967-01-31,C07C 275/64,23
BR6074993,1988-12-28,C07C 271/00,2
BR6074993,1988-12-28,C07C 271/28,2
BR6074993,1988-12-28,C07C 271/36,2
BR6074993,1988-12-28,C07C 271/38,2
BR6074993,1988-12-28,C07C 271/42,2
BR6074993,1988-12-28,C07C 275/00,2
BR6074993,1988-12-28,C07C 275/14,2
BR6074993,1988-12-28,C07C 275/28,2
BR6074993,1988-12-28,C07C 275/62,2
BR6074993,1988-12-28,D06M 13/322,2
BR6074993,1988-12-28,D06M 13/402,2
BR6074993,1988-12-28,D06M 13/425,2
BR6074993,1988-12-28,D06M 13/428,2
BR6074993,1988-12-28,D06M 13/432,2
BR6074993,1988-12-28,D06M 13/438,2
BR6309529,2004-05-13,C10L 10/18,2
BR6037293,1985-04-25,C10L 1/188,21
BR6037293,1985-04-25,C10L 1/224,21
BR6037293,1985-04-25,C10L 1/23,21
BR6037293,1985-04-25,C10L 10/08,21
BR6037293,1985-04-25,C10L 10/08,21
BR6300218,2003-03-13,C10L 1/182,3
BR6300218,2003-03-13,C10L 1/19,3
BR6300218,2003-03-13,C10L 1/222,3
BR6274193,2001-06-21,C10L 1/19,5
BR6274193,2001-06-21,C10L 1/198,5
BR6274193,2001-06-21,C10L 1/238,5
BR6274193,2001-06-21,C10L 10/08,5
BR6274193,2001-06-21,C10L 10/08,5
BR6274193,2001-06-21,C10L 10/18,5
BR6132346,1994-01-14,C07K 14/415,1
BR6132346,1994-01-14,C07K 14/42,1
BR6132346,1994-01-14,C07K 14/81,1
BR6132346,1994-01-14,C07K 14/81,1
BR6025956,1983-12-22,C07C 213/00,7
BR6025956,1983-12-22,C07C 213/00,7
BR6025956,1983-12-22,C07B 61/00,2
BR6025956,1983-12-22,C07B 61/00,2
BR6025956,1983-12-22,C07C 213/06,7
BR6025956,1983-12-22,C07C 217/00,7
BR6025956,1983-12-22,C07C 217/08,7
BR6203823,1998-10-23,A23G 4/00,8
BR6203823,1998-10-23,A23G 4/00,8
BR6203823,1998-10-23,A61K 8/00,8
BR6203823,1998-10-23,A61K 8/00,8
BR6203823,1998-10-23,A61K 8/19,8
BR6203823,1998-10-23,A61K 8/25,8
BR6203823,1998-10-23,A61K 8/30,8
BR6203823,1998-10-23,A61K 8/36,8
BR6203823,1998-10-23,A61K 8/37,8
BR6203823,1998-10-23,A61K 8/40,8
BR6203823,1998-10-23,A61K 8/41,8
BR6203823,1998-10-23,A61K 8/44,8
BR6203823,1998-10-23,A61K 8/46,8
BR6203823,1998-10-23,A61K 8/60,8
BR6203823,1998-10-23,A61K 8/64,8
BR6203823,1998-10-23,A61K 8/66,8
BR6203823,1998-10-23,A61Q 1/02,8
BR6203823,1998-10-23,A61Q 1/02,8
BR6203823,1998-10-23,A61Q 1/14,8
BR6203823,1998-10-23,A61Q 1/14,8
BR6203823,1998-10-23,A61Q 11/00,8
BR6203823,1998-10-23,A61Q 11/00,8
BR6203823,1998-10-23,A61Q 11/02,8
BR6203823,1998-10-23,A61Q 11/02,8
BR6203823,1998-10-23,A61Q 19/00,8
BR6203823,1998-10-23,A61Q 19/00,8
BR6203823,1998-10-23,A61Q 19/10,8
BR6203823,1998-10-23,A61Q 19/10,8
BR6064380,1987-12-02,C12N 5/10,3
BR6064380,1987-12-02,C12N 5/10,3
BR6064380,1987-12-02,C12N 15/09,3
BR6064380,1987-12-02,C12N 15/09,3
BR6064380,1987-12-02,C12N 15/82,3
BR6064380,1987-12-02,C12N 15/82,3
BR6064380,1987-12-02,C12N 15/87,3
BR6064380,1987-12-02,C12N 15/87,3
BR5926052,1974-05-17,A23B 4/00,0
BR5926052,1974-05-17,A23B 4/10,0
BR6073318,1988-09-01,C07C 29/149,2
BR6073318,1988-09-01,C07C 29/156,2
BR6120632,1992-06-08,C07K 14/00,3
BR6120632,1992-06-08,C07K 14/00,3
BR6120632,1992-06-08,C07K 14/415,3
BR6120632,1992-06-08,C07K 14/415,3
BR6120632,1992-06-08,C07K 14/81,3
BR6120632,1992-06-08,C07K 14/81,3
BR5894694,1969-07-24,C07C 45/71,11
BR5894694,1969-07-24,C07D 203/00,5
BR5894694,1969-07-24,C07D 203/08,5
BR5894694,1969-07-24,C07D 203/18,5
BR5894694,1969-07-24,C07D 263/00,5
BR5894694,1969-07-24,C07D 263/14,5
BR5894694,1969-07-24,C07D 303/00,5
BR5894694,1969-07-24,C07D 303/22,5
BR6281373,2002-05-14,C10L 1/224,4
BR6281373,2002-05-14,C10L 1/2383,4
BR6281373,2002-05-14,C10L 10/18,4
BR6063195,1987-09-08,D06M 11/38,3
BR6304607,2003-09-23,A61K 8/30,3
BR6304607,2003-09-23,A61K 8/60,3
BR6304607,2003-09-23,A61Q 17/04,3
BR6304607,2003-09-23,A61Q 17/04,3
BR6304607,2003-09-23,A61Q 19/08,3
BR6304607,2003-09-23,A61Q 19/08,3
WO2008144878,2008-04-25,C07G 99/00,1
WO2008144878,2008-04-25,C08H 8/00,2
BR6201493,1998-07-08,A61K 31/662,2
BR6201493,1998-07-08,A61K 31/663,2
BR6201493,1998-07-08,A61P 19/00,2
BR6201493,1998-07-08,A61P 19/10,2
BR6273833,2001-03-01,B41M 5/333,5
BR6273833,2001-03-01,B41M 5/337,5
BR6244948,2000-10-09,A61K 8/30,6
BR6244948,2000-10-09,A61K 8/30,6
BR6244948,2000-10-09,A61K 8/40,6
BR6244948,2000-10-09,A61Q 5/02,6
BR6244948,2000-10-09,A61Q 5/02,6
BR5952663,1976-10-12,C07B 61/00,9
BR5952663,1976-10-12,C07B 61/00,9
BR6090468,1989-02-10,C10L 1/182,17
BR6090468,1989-02-10,C10L 1/185,17
BR6090468,1989-02-10,C10L 1/192,17
BR6066080,1988-03-29,C07C 29/149,2
BR6066080,1988-03-29,C07C 29/156,2
BR6073317,1988-09-01,C07C 29/149,2
BR6073317,1988-09-01,C07C 29/152,2
BR6073317,1988-09-01,C07C 29/156,2
BR6044581,1985-12-13,C12N 15/09,5
BR6044581,1985-12-13,C12N 15/09,5
BR6044581,1985-12-13,C12N 1/19,5
BR6044581,1985-12-13,C12N 1/19,5
BR5906723,1971-12-22,C07C 309/00,19
BR5906723,1971-12-22,C07C 309/66,19
BR5906723,1971-12-22,C07C 309/70,19
BR5906723,1971-12-22,C07C 309/73,19
BR6033883,1984-08-30,C12N 1/19,6
BR6033883,1984-08-30,C12N 1/19,6
BR6033883,1984-08-30,C12N 15/09,6
BR6033883,1984-08-30,C12N 15/09,6
BR6033883,1984-08-30,C12N 15/10,6
BR6033883,1984-08-30,C12N 15/10,6
BR6033883,1984-08-30,C12N 15/62,6
BR6033883,1984-08-30,C12N 15/62,6
BR6033883,1984-08-30,C12N 15/70,6
BR6033883,1984-08-30,C12N 15/70,6
BR6033883,1984-08-30,C12N 15/81,6
BR6033883,1984-08-30,C12N 15/81,6
BR6025485,1983-11-21,B01J 37/03,2
BR6025485,1983-11-21,C07B 61/00,2
BR6025485,1983-11-21,C07B 61/00,2
BR6025485,1983-11-21,C07C 29/153,7
BR6025485,1983-11-21,C07C 29/154,7
BR5933829,1975-01-22,C07C 213/00,15
BR5933829,1975-01-22,C07C 213/00,15
BR5933829,1975-01-22,C07C 217/00,15
BR5933829,1975-01-22,C07C 217/28,15
BR5933829,1975-01-22,D21H 17/00,15
BR5933829,1975-01-22,D21H 17/07,15
BR6055067,1987-01-23,A01P 3/00,19
BR6055067,1987-01-23,A01P 3/00,19
BR5913124,1972-02-18,C07C 273/00,18
BR5913124,1972-02-18,C07C 273/18,18
BR5913124,1972-02-18,C07C 275/00,18
BR5913124,1972-02-18,C07C 275/28,18
BR6229027,1999-06-30,A61P 7/00,1
BR6229027,1999-06-30,A61P 7/00,1
BR6229027,1999-06-30,A61P 7/04,1
BR6229027,1999-06-30,A61P 43/00,1
BR6229027,1999-06-30,A61P 43/00,1
BR6002762,1981-04-30,C07C 29/151,9
BR6002762,1981-04-30,C07C 29/153,9
BR6002762,1981-04-30,C07C 29/154,9
BR6002762,1981-04-30,C10L 1/182,25
BR6203691,1998-10-21,A61P 35/00,2
BR6203691,1998-10-21,A61P 35/00,2
BR5993293,1980-07-30,C07B 61/00,5
BR5993293,1980-07-30,C07B 61/00,5
WO2005009341,2004-06-02,A61K 8/37,2
WO2005009341,2004-06-02,A61Q 17/04,2
WO2005009341,2004-06-02,A61Q 19/08,2
BR6040246,1984-10-01,A61L 27/00,1
BR6040246,1984-10-01,A61L 27/20,16
BR6040246,1984-10-01,A61L 27/60,16
BR6040246,1984-10-01,B01D 71/00,6
BR6040246,1984-10-01,B01D 71/10,6
BR5990236,1979-08-15,C12P 7/02,1
BR5990236,1979-08-15,C12P 7/02,1
BR6023343,1983-06-01,C07C 335/00,7
BR6023343,1983-06-01,C07C 335/32,7
BR6097232,1991-03-21,A61K 8/30,15
BR6097232,1991-03-21,A61K 8/66,15
BR6097232,1991-03-21,A61K 8/96,15
BR6097232,1991-03-21,A61K 8/99,15
BR6097232,1991-03-21,A61K 38/43,4
BR6097232,1991-03-21,A61K 38/44,4
BR6097232,1991-03-21,A61Q 11/00,15
BR6097232,1991-03-21,A61Q 11/00,15
BR6097232,1991-03-21,C07K 16/42,4
BR6097232,1991-03-21,C07K 16/42,4
BR6066538,1988-05-04,C12N 15/09,2
BR6066538,1988-05-04,C12N 15/09,2
BR6066538,1988-05-04,C07K 14/195,7
BR6066538,1988-05-04,C07K 14/325,7
BR6066538,1988-05-04,C12N 5/10,2
BR6066538,1988-05-04,C12N 5/10,2
BR6066538,1988-05-04,C12N 15/82,2
BR6066538,1988-05-04,C12N 15/82,2
BR6066538,1988-05-04,C12N 15/87,2
BR6066538,1988-05-04,C12N 15/87,2
BR6156434,1993-05-26,B01J 23/75,2
BR6156434,1993-05-26,B01J 23/75,2
BR6230438,1999-09-09,A23G 3/34,7
BR6230438,1999-09-09,A23G 3/34,7
BR6230438,1999-09-09,A23G 4/00,7
BR6230438,1999-09-09,A23G 4/00,7
BR6230438,1999-09-09,A23G 4/06,7
BR6230438,1999-09-09,A23G 4/10,7
BR6230438,1999-09-09,A61K 8/00,7
BR6230438,1999-09-09,A61K 8/00,7
BR6230438,1999-09-09,A61K 8/30,7
BR6230438,1999-09-09,A61K 8/30,7
BR6230438,1999-09-09,A61K 8/34,7
BR6230438,1999-09-09,A61Q 11/00,7
BR6230438,1999-09-09,A61Q 11/00,7
BR5995061,1980-11-11,A23L 1/302,5
BR5995061,1980-11-11,A23L 1/302,5
BR6137061,1994-03-30,A61K 38/43,1
BR6137061,1994-03-30,A61K 38/46,1
BR6137061,1994-03-30,A61P 1/00,6
BR6137061,1994-03-30,A61P 1/14,6
BR5974980,1978-12-22,A01N 37/18,2
BR5974980,1978-12-22,A01N 37/18,2
BR5974980,1978-12-22,A01N 25/32,2
BR5974980,1978-12-22,A01N 25/32,2
BR5974980,1978-12-22,A01N 37/02,2
BR5974980,1978-12-22,A01N 37/02,2
BR5974980,1978-12-22,A01N 37/44,2
BR5974980,1978-12-22,A01N 37/46,2
BR5974980,1978-12-22,C07C 233/00,12
BR5974980,1978-12-22,C07C 233/13,12
BR6033535,1984-08-01,C12N 15/81,6
BR6033535,1984-08-01,C12N 15/81,6
BR6165979,1997-06-30,A61P 29/00,3
BR6165979,1997-06-30,A61P 29/00,3
BR6165979,1997-06-30,A61P 35/00,3
BR6165979,1997-06-30,A61P 35/00,3
BR6165979,1997-06-30,A61P 43/00,3
BR6165979,1997-06-30,A61P 43/00,3
BR6169236,1993-12-14,C07K 14/415,2
BR6169236,1993-12-14,C07K 14/415,2
BR6201805,1998-07-17,A61P 11/00,2
BR6201805,1998-07-17,A61P 11/00,2
BR6201805,1998-07-17,A61P 31/00,2
BR6201805,1998-07-17,A61P 31/14,2
BR6004998,1981-09-21,C07B 61/00,4
BR6004998,1981-09-21,C07B 61/00,4
BR6004998,1981-09-21,C07C 29/151,9
BR6004998,1981-09-21,C07C 29/157,9
BR6055358,1987-02-12,C07C 29/151,3
BR6201238,1998-06-22,A61K 8/00,8
BR6201238,1998-06-22,A61K 8/00,8
BR6201238,1998-06-22,A61K 8/30,8
BR6201238,1998-06-22,A61K 8/37,8
BR6201238,1998-06-22,A61K 8/42,8
BR6201238,1998-06-22,A61Q 1/00,8
BR6201238,1998-06-22,A61Q 1/00,8
BR6201238,1998-06-22,A61Q 13/00,8
BR6201238,1998-06-22,A61Q 13/00,8
BR6201238,1998-06-22,A61Q 15/00,8
BR6201238,1998-06-22,A61Q 15/00,8
BR5995371,1980-11-28,C10L 1/188,26
BR173939096,2014-11-06,A01G 18/20,4
BR6128149,1992-12-04,C07C 17/23,3
BR6204205,1998-12-10,A61K 31/606,2
BR6204205,1998-12-10,A61K 31/166,2
BR6204205,1998-12-10,A61K 31/166,2
BR6204205,1998-12-10,A61P 11/00,2
BR6204205,1998-12-10,A61P 11/00,2
BR6304144,2003-08-26,A61K 8/30,3
BR6304144,2003-08-26,A61K 8/49,3
BR6304144,2003-08-26,A61Q 5/06,3
BR6304144,2003-08-26,A61Q 5/06,3
BR6304144,2003-08-26,A61Q 5/10,3
BR6304144,2003-08-26,A61Q 5/10,3
BR6064020,1987-11-06,C07C 253/00,3
BR6064020,1987-11-06,C07C 253/00,3
BR6064020,1987-11-06,C07C 255/00,3
BR6064020,1987-11-06,C07C 255/32,3
BR6064020,1987-11-06,C07C 255/41,3
BR6064020,1987-11-06,C07C 255/42,3
BR6064020,1987-11-06,C07C 313/00,3
BR6064020,1987-11-06,C07C 313/00,3
BR6064020,1987-11-06,C07C 317/00,3
BR6064020,1987-11-06,C07C 317/44,3
BR6064020,1987-11-06,C07C 317/46,3
BR6064020,1987-11-06,C07C 323/00,3
BR6064020,1987-11-06,C07C 323/62,3
BR6054788,1986-11-07,C12N 1/19,4
BR6054788,1986-11-07,C12N 1/19,4
BR6054788,1986-11-07,C12N 15/09,4
BR6054788,1986-11-07,C12N 15/09,4
BR6054788,1986-11-07,C12N 15/52,4
BR6054788,1986-11-07,C12N 15/52,4
BR6054788,1986-11-07,C12N 15/81,4
BR6054788,1986-11-07,C12N 15/81,4
BR5991109,1979-12-21,A23F 5/00,1
BR5991109,1979-12-21,A23F 5/10,1
BR6060562,1987-03-18,B01J 23/75,8
BR6060562,1987-03-18,B01J 23/75,8
BR6060562,1987-03-18,B01J 23/83,8
BR6132543,1994-03-08,B01J 23/644,1
BR6004563,1981-08-20,C07C 29/151,9
BR5983845,1979-09-18,C07C 29/15,1
BR5983845,1979-09-18,C07C 29/151,11
BR5959837,1977-04-22,C07C 29/88,3
BR5959837,1977-04-22,C07C 29/74,3
BR6204215,1998-12-11,A61K 31/7088,2
BR6204215,1998-12-11,A61K 31/7088,2
BR5888611,1967-10-11,C07C 7/00,1
BR5888611,1967-10-11,C07C 7/163,13
BR6034139,1984-09-21,C10L 10/18,22
BR6111630,1991-05-08,D06L 3/11,9
BR6050126,1985-10-17,C07C 29/151,5
BR6050126,1985-10-17,C07C 29/154,5
BR6148780,1995-08-14,D06L 3/11,5
BR6083299,1989-08-04,C07C 29/152,1
BR6023643,1983-06-28,C07B 61/00,2
BR6023643,1983-06-28,C07B 61/00,2
BR6046077,1986-03-26,C07C 241/00,4
BR6046077,1986-03-26,C07C 241/00,4
BR6046077,1986-03-26,C07C 245/00,4
BR6046077,1986-03-26,C07C 245/20,4
BR6066114,1988-03-30,C07C 29/156,2
BR5983510,1979-08-23,C12P 7/02,1
BR5983510,1979-08-23,C12P 7/10,1
BR6231293,1999-09-30,A61P 37/00,1
BR6231293,1999-09-30,A61P 37/04,1
BR5900350,1970-06-12,C07C 29/151,20
BR5900350,1970-06-12,C07C 29/154,20
BR5970566,1978-04-17,B01J 41/00,2
BR5970566,1978-04-17,B01J 41/16,2
BR5970566,1978-04-17,B01J 20/28,2
BR5970566,1978-04-17,B01J 20/28,2
BR5970566,1978-04-17,C12N 11/00,2
BR5970566,1978-04-17,C12N 11/12,2
BR5970566,1978-04-17,C12P 19/00,2
BR5970566,1978-04-17,C12P 19/24,2
BR6192462,1997-07-14,A61K 31/122,3
BR6192462,1997-07-14,A61K 31/122,3
BR6192462,1997-07-14,A61K 31/357,3
BR6192462,1997-07-14,A61K 31/357,3
BR6192462,1997-07-14,A61K 31/7028,3
BR6192462,1997-07-14,A61K 31/7028,3
BR6192462,1997-07-14,A61P 35/00,3
BR6192462,1997-07-14,A61P 35/00,3
BR6200643,1998-05-12,A61K 31/536,2
BR6200643,1998-05-12,A61K 31/536,2
BR6200643,1998-05-12,A61P 43/00,2
BR6200643,1998-05-12,A61P 43/00,2
BR5887814,1967-03-27,B22C 1/16,1
BR5887814,1967-03-27,B22C 1/18,1
BR5887814,1967-03-27,C04B 28/00,18
BR5887814,1967-03-27,C04B 28/26,18
BR5887814,1967-03-27,C07C 33/00,1
BR5887814,1967-03-27,C07C 33/50,13
BR5887814,1967-03-27,C07C 45/00,1
BR5887814,1967-03-27,C07C 45/46,13
BR5887814,1967-03-27,C07C 45/65,13
BR5887814,1967-03-27,C07C 49/00,1
BR5887814,1967-03-27,C07C 49/80,1
BR5887814,1967-03-27,C07C 51/58,1
BR5887814,1967-03-27,C07C 51/60,13
BR5951637,1976-08-13,C12N 1/22,4
BR5951637,1976-08-13,C12N 1/22,4
BR5970245,1978-03-17,B01D 53/46,17
BR5970245,1978-03-17,B01D 53/46,17
BR5970245,1978-03-17,C02F 11/10,2
BR5970245,1978-03-17,C02F 11/10,2
BR5970245,1978-03-17,C07C 29/15,2
BR5970245,1978-03-17,C07C 29/151,12
BR5970245,1978-03-17,C07C 29/153,12
BR5970245,1978-03-17,C07C 29/154,12
BR6242881,2000-07-11,A61K 8/00,6
BR6242881,2000-07-11,A61K 8/00,6
BR6242881,2000-07-11,A61K 8/30,6
BR6242881,2000-07-11,A61K 8/66,6
BR6242881,2000-07-11,A61K 8/96,6
BR6242881,2000-07-11,A61K 8/96,6
BR6242881,2000-07-11,A61Q 11/00,6
BR6242881,2000-07-11,A61Q 11/00,6
BR6242881,2000-07-11,A61Q 19/00,6
BR6242881,2000-07-11,A61Q 19/00,6
BR6242881,2000-07-11,A61Q 19/10,6
BR6242881,2000-07-11,A61Q 19/10,6
BR5976752,1979-04-06,C12M 1/00,1
BR5976752,1979-04-06,C12M 1/00,1
BR5976752,1979-04-06,C12N 1/02,1
BR5976752,1979-04-06,C12N 1/02,1
BR5976752,1979-04-06,C12N 13/00,1
BR5976752,1979-04-06,C12N 13/00,1
BR5957718,1976-09-03,C07C 29/15,4
BR5957718,1976-09-03,C01B 3/00,4
BR5957718,1976-09-03,C01B 3/38,4
BR5957718,1976-09-03,C07B 61/00,9
BR5957718,1976-09-03,C07B 61/00,9
BR5957718,1976-09-03,C07C 29/151,14
BR5957718,1976-09-03,C07C 29/154,14
BR6345706,2005-04-14,A61K 8/92,1
BR6345706,2005-04-14,A61K 8/92,1
BR6345706,2005-04-14,A61K 8/96,1
BR6345706,2005-04-14,A61K 8/97,1
BR6345706,2005-04-14,A61Q 1/02,1
BR6345706,2005-04-14,A61Q 1/06,1
BR6345706,2005-04-14,A61Q 1/10,1
BR5954230,1977-01-12,C07C 29/15,3
BR5954230,1977-01-12,C01B 3/00,3
BR5954230,1977-01-12,C01B 3/34,3
BR5954230,1977-01-12,C01B 3/38,3
BR5954230,1977-01-12,C07C 29/151,13
BR6006125,1981-11-27,C07C 29/151,9
BR6006125,1981-11-27,C07C 29/158,9
BR6192164,1997-04-30,A61K 36/06,9
BR6192164,1997-04-30,A61K 36/06,9
BR6192164,1997-04-30,A61P 11/00,3
BR6192164,1997-04-30,A61P 11/00,3
BR6192164,1997-04-30,A61P 25/00,3
BR6192164,1997-04-30,A61P 25/00,3
BR6192164,1997-04-30,A61P 29/00,3
BR6192164,1997-04-30,A61P 29/00,3
BR6192164,1997-04-30,A61P 31/00,3
BR6192164,1997-04-30,A61P 31/12,3
BR6192164,1997-04-30,A61P 37/00,3
BR6192164,1997-04-30,A61P 37/00,3
BR5883223,1964-02-04,C07C 49/00,4
BR5883223,1964-02-04,C07C 49/813,16
BR6210601,1999-02-19,A61P 3/00,1
BR6210601,1999-02-19,A61P 3/06,1
BR6210601,1999-02-19,A61P 9/00,1
BR6210601,1999-02-19,A61P 9/10,1
BR6022169,1982-07-06,C07C 29/153,8
BR6004259,1981-07-28,C07B 61/00,4
BR6004259,1981-07-28,C07B 61/00,4
BR6004259,1981-07-28,C07C 29/151,9
BR6004259,1981-07-28,C07C 29/152,9
BR6004259,1981-07-28,C07C 29/154,9
BR5908566,1972-03-29,C07C 45/38,8
BR5998002,1981-04-20,C07C 29/141,9
BR6208655,1999-09-29,G11B 7/241,7
BR6208655,1999-09-29,G11B 7/244,7
BR6024916,1983-10-03,C10G 50/00,12
BR6024916,1983-10-03,C10G 50/00,12
BR5991298,1979-10-25,C07C 29/80,1
BR5991298,1979-10-25,C07C 29/82,1
BR5991298,1979-10-25,C07C 29/84,1
BR6026258,1983-08-11,B01J 23/63,12
BR6026258,1983-08-11,C07B 61/00,2
BR6026258,1983-08-11,C07B 61/00,2
BR6026258,1983-08-11,C07C 29/157,7
BR6013089,1982-04-23,C07B 61/00,3
BR6013089,1982-04-23,C07B 61/00,3
BR6013089,1982-04-23,C07C 209/00,8
BR6013089,1982-04-23,C07C 209/00,8
BR6013089,1982-04-23,C07C 209/16,8
BR6013089,1982-04-23,C07C 211/00,8
BR6013089,1982-04-23,C07C 211/04,8
BR5984528,1979-10-24,C07C 29/15,1
BR5984528,1979-10-24,C07B 61/00,6
BR5984528,1979-10-24,C07B 61/00,6
BR5984528,1979-10-24,C07C 29/154,11
BR6059196,1986-08-11,C10L 1/182,20
BR5969207,1977-10-18,C07C 29/15,3
BR5969207,1977-10-18,B01J 23/882,18
BR5969207,1977-10-18,C01B 3/00,3
BR5969207,1977-10-18,C01B 3/36,3
BR5969207,1977-10-18,C07B 61/00,8
BR5969207,1977-10-18,C07B 61/00,8
BR5969207,1977-10-18,C07C 29/151,13
BR5969207,1977-10-18,C07C 29/153,13
BR5969207,1977-10-18,C07C 29/154,13
BR6193332,1997-11-12,A61K 8/30,9
BR6193332,1997-11-12,A61K 8/30,9
BR6193332,1997-11-12,A61K 8/00,9
BR6193332,1997-11-12,A61K 8/00,9
BR6193332,1997-11-12,A61K 8/37,9
BR6193332,1997-11-12,A61K 8/67,9
BR6193332,1997-11-12,A61K 31/616,3
BR6193332,1997-11-12,A61K 31/621,3
BR6193332,1997-11-12,A61P 17/00,3
BR6193332,1997-11-12,A61P 17/00,3
BR6193332,1997-11-12,A61Q 5/00,9
BR6193332,1997-11-12,A61Q 5/00,9
BR6193332,1997-11-12,A61Q 7/00,9
BR6193332,1997-11-12,A61Q 7/00,9
BR6193332,1997-11-12,A61Q 19/00,9
BR6193332,1997-11-12,A61Q 19/00,9
BR224142252,2017-11-28,C08K 3/012,1
BR6005859,1981-11-10,C07B 61/00,4
BR6005859,1981-11-10,C07B 61/00,4
BR6243250,2000-08-03,A01P 3/00,6
BR6243250,2000-08-03,A01P 3/00,6
BR5910814,1972-09-11,C07C 47/052,8
BR5910814,1972-09-11,B01J 23/76,2
BR5910814,1972-09-11,B01J 23/88,2
BR5910814,1972-09-11,B01J 23/881,23
BR5910814,1972-09-11,C07B 61/00,13
BR5910814,1972-09-11,C07B 61/00,13
BR5910814,1972-09-11,C07C 45/38,8
BR6075331,1989-01-11,C07C 263/00,1
BR6075331,1989-01-11,C07C 263/18,1
BR6075331,1989-01-11,C07C 241/00,1
BR6075331,1989-01-11,C07C 241/00,1
BR6075331,1989-01-11,C07C 263/10,1
BR6075331,1989-01-11,C07C 263/20,1
BR6075331,1989-01-11,C07C 265/00,1
BR6075331,1989-01-11,C07C 265/12,1
BR6075331,1989-01-11,C07C 265/14,1
BR6074370,1988-11-17,C07C 29/149,2
BR6074370,1988-11-17,C07C 29/156,2
BR6304171,2003-08-07,A61K 8/02,3
BR6304171,2003-08-07,A61K 8/02,3
BR6304171,2003-08-07,A61K 8/30,3
BR6304171,2003-08-07,A61K 8/30,3
BR6304171,2003-08-07,A61K 8/37,3
BR6304171,2003-08-07,A61K 8/92,3
BR6304171,2003-08-07,A61K 8/92,3
BR6218915,2000-09-29,C10L 10/10,6
BR6218915,2000-09-29,C10L 10/10,6
BR5899695,1970-04-03,C07C 239/00,20
BR5899695,1970-04-03,C07C 239/00,20
BR5899695,1970-04-03,C07C 273/00,20
BR5899695,1970-04-03,C07C 273/16,20
BR6006326,1981-12-09,C07B 61/00,4
BR6006326,1981-12-09,C07B 61/00,4
BR6203153,1998-09-28,A61P 7/00,2
BR6203153,1998-09-28,A61P 7/00,2
BR6203153,1998-09-28,A61P 9/00,2
BR6203153,1998-09-28,A61P 9/00,2
BR6203153,1998-09-28,A61P 9/10,2
BR6203153,1998-09-28,A61P 29/00,2
BR6203153,1998-09-28,A61P 29/00,2
BR6203153,1998-09-28,A61P 31/00,2
BR6203153,1998-09-28,A61P 31/00,2
BR6203153,1998-09-28,A61P 31/18,2
BR6203153,1998-09-28,A61P 35/00,2
BR6203153,1998-09-28,A61P 35/00,2
BR6203153,1998-09-28,A61P 37/00,2
BR6203153,1998-09-28,A61P 37/02,2
BR6203153,1998-09-28,A61P 37/04,2
BR6203153,1998-09-28,A61P 43/00,2
BR6203153,1998-09-28,A61P 43/00,2
BR6203309,1998-09-28,A61P 7/00,2
BR6203309,1998-09-28,A61P 7/00,2
BR6203309,1998-09-28,A61P 9/00,2
BR6203309,1998-09-28,A61P 9/00,2
BR6203309,1998-09-28,A61P 9/10,2
BR6203309,1998-09-28,A61P 29/00,2
BR6203309,1998-09-28,A61P 29/00,2
BR6203309,1998-09-28,A61P 31/00,2
BR6203309,1998-09-28,A61P 31/00,2
BR6203309,1998-09-28,A61P 31/18,2
BR6203309,1998-09-28,A61P 35/00,2
BR6203309,1998-09-28,A61P 35/00,2
BR6203309,1998-09-28,A61P 37/00,2
BR6203309,1998-09-28,A61P 37/02,2
BR6203309,1998-09-28,A61P 37/04,2
BR6203309,1998-09-28,A61P 43/00,2
BR6203309,1998-09-28,A61P 43/00,2
BR6173871,1996-11-26,A61P 19/00,4
BR6173871,1996-11-26,A61P 19/00,4
BR6173871,1996-11-26,A61P 19/10,4
BR6046440,1986-04-28,C01B 39/00,9
BR6046440,1986-04-28,C01B 39/06,9
BR6046440,1986-04-28,B01J 29/50,9
BR6046440,1986-04-28,B01J 29/70,9
BR6046440,1986-04-28,C01B 39/30,9
BR6046440,1986-04-28,C07C 209/00,4
BR6046440,1986-04-28,C07C 209/00,4
BR6046440,1986-04-28,C07C 209/16,4
BR6046440,1986-04-28,C07C 211/00,4
BR6046440,1986-04-28,C07C 211/04,4
BR6279935,2002-03-07,A61K 8/04,4
BR6279935,2002-03-07,A61K 8/06,4
BR6279935,2002-03-07,A61K 8/30,4
BR6279935,2002-03-07,A61K 8/30,4
BR6279935,2002-03-07,A61K 8/37,4
BR6279935,2002-03-07,A61K 8/92,4
BR6279935,2002-03-07,A61K 8/92,4
BR6279935,2002-03-07,A61K 8/96,4
BR6279935,2002-03-07,A61K 8/97,4
BR6279935,2002-03-07,A61K 8/99,4
BR5963418,1977-10-26,A01N 25/32,3
BR5963418,1977-10-26,A01N 25/32,3
BR5963418,1977-10-26,A01N 37/18,3
BR5963418,1977-10-26,A01N 37/18,3
BR5963418,1977-10-26,A01N 37/20,3
BR5963418,1977-10-26,A01N 37/20,3
BR5963418,1977-10-26,A01N 37/44,3
BR5963418,1977-10-26,A01N 37/46,3
BR5963418,1977-10-26,C07C 233/00,13
BR5963418,1977-10-26,C07C 233/13,13
BR6283009,2002-07-16,A61K 8/00,4
BR6283009,2002-07-16,A61K 8/00,4
BR6283009,2002-07-16,A61K 8/72,4
BR6283009,2002-07-16,A61K 8/87,4
BR6283009,2002-07-16,A61Q 3/02,4
BR6283009,2002-07-16,A61Q 3/02,4
BR6283009,2002-07-16,A61Q 5/06,4
BR6283009,2002-07-16,A61Q 5/06,4
BR6171479,1996-06-13,B01J 20/281,10
BR6171479,1996-06-13,B01J 20/281,10
BR6217005,2000-04-18,A61K 8/00,6
BR6217005,2000-04-18,A61K 8/00,6
BR6217005,2000-04-18,A61K 8/30,6
BR6217005,2000-04-18,A61K 8/30,6
BR6217005,2000-04-18,A61K 8/34,6
BR6217005,2000-04-18,A61K 8/35,6
BR6217005,2000-04-18,A61K 8/36,6
BR6217005,2000-04-18,A61K 8/368,6
BR6217005,2000-04-18,A61K 8/42,6
BR6217005,2000-04-18,A61K 8/46,6
BR6217005,2000-04-18,A61K 8/49,6
BR6217005,2000-04-18,A61Q 5/02,6
BR6217005,2000-04-18,A61Q 5/02,6
BR6217005,2000-04-18,A61Q 7/00,6
BR6217005,2000-04-18,A61Q 7/00,6
BR6217005,2000-04-18,A61Q 19/00,6
BR6217005,2000-04-18,A61Q 19/00,6
BR6217005,2000-04-18,A61Q 19/08,6
BR6217005,2000-04-18,A61Q 19/08,6
BR5952054,1976-09-09,B01J 19/00,4
BR5952054,1976-09-09,B01J 19/00,4
BR5952054,1976-09-09,C07C 19/01,19
BR6025823,1983-12-14,B01J 29/70,12
BR6172258,1996-08-13,A61K 31/192,4
BR6172258,1996-08-13,A61P 35/00,4
BR6172258,1996-08-13,A61P 35/00,4
BR5986898,1980-03-13,B01J 29/072,15
BR6310398,2004-07-19,C10L 10/14,2
BR6310398,2004-07-19,C10L 10/14,2
BR6051833,1986-06-26,A61L 15/16,4
BR6051833,1986-06-26,A61L 15/16,4
BR6051833,1986-06-26,A61L 15/28,4
BR6051833,1986-06-26,A61L 15/40,4
BR6051833,1986-06-26,C08L 101/16,14
BR6071373,1987-10-02,C07C 29/141,3
BR6228355,1999-06-04,A61K 31/352,1
BR6228355,1999-06-04,A61K 31/352,1
BR6228355,1999-06-04,A61K 31/122,1
BR6228355,1999-06-04,A61K 31/122,1
BR6228355,1999-06-04,A61K 36/00,7
BR6228355,1999-06-04,A61K 36/00,7
BR6228355,1999-06-04,A61K 36/18,7
BR6228355,1999-06-04,A61K 36/18,7
BR6228355,1999-06-04,A61K 36/185,7
BR6228355,1999-06-04,A61K 36/38,7
BR6228355,1999-06-04,A61P 25/00,1
BR6228355,1999-06-04,A61P 25/24,1
BR5976205,1979-03-07,C12N 9/42,1
BR5976205,1979-03-07,C12N 9/42,1
BR6013947,1982-06-09,C07B 61/00,3
BR6013947,1982-06-09,C07B 61/00,3
BR6013248,1982-04-30,C07C 301/00,8
BR6013248,1982-04-30,C07C 301/00,8
BR6013248,1982-04-30,C07C 303/00,8
BR6013248,1982-04-30,C07C 303/36,8
BR6013248,1982-04-30,C07C 303/40,8
BR6013248,1982-04-30,C07C 311/00,8
BR6013248,1982-04-30,C07C 311/51,8
BR5995746,1980-12-18,B01J 23/881,15
BR6071672,1988-02-24,A23L 1/05,2
BR6071672,1988-02-24,A23L 1/054,2
BR6071672,1988-02-24,A61K 8/02,18
BR6071672,1988-02-24,A61K 8/02,18
BR6071672,1988-02-24,A61K 8/72,18
BR6071672,1988-02-24,A61K 8/73,18
BR6071672,1988-02-24,A61Q 19/00,18
BR6071672,1988-02-24,A61Q 19/00,18
BR6071672,1988-02-24,C09K 8/02,18
BR6071672,1988-02-24,C09K 8/20,18
BR6071672,1988-02-24,D21H 13/00,2
BR6071672,1988-02-24,D21H 13/02,2
BR5905286,1971-10-21,C23G 5/028,14
WO2016102316,2015-12-17,A23L 33/115,1
WO2016102316,2015-12-17,A23L 33/105,1
WO2016102316,2015-12-17,A23L 33/12,1
WO2016102316,2015-12-17,A23L 33/175,1
BR6114811,1992-11-25,A61P 25/00,8
BR6114811,1992-11-25,A61P 25/04,8
BR5998003,1981-04-20,C07C 29/141,9
BR5998003,1981-04-20,C07C 29/151,9
BR5998003,1981-04-20,C07C 29/157,9
BR5998003,1981-04-20,C07C 29/158,9
BR6208276,1999-08-16,A61K 8/00,7
BR6208276,1999-08-16,A61K 8/00,7
BR6208276,1999-08-16,A61K 8/30,7
BR6208276,1999-08-16,A61K 8/40,7
BR6208276,1999-08-16,A61Q 13/00,7
BR6208276,1999-08-16,A61Q 13/00,7
BR6208276,1999-08-16,A61Q 15/00,7
BR6208276,1999-08-16,A61Q 15/00,7
BR76647485,2010-11-25,C13B 10/00,1
BR5897687,1969-12-15,C07C 263/00,21
BR5897687,1969-12-15,C07C 263/20,21
BR5897687,1969-12-15,C07C 265/00,21
BR5897687,1969-12-15,C07C 265/12,21
BR5897687,1969-12-15,C07D 251/00,5
BR5897687,1969-12-15,C07D 251/34,5
BR6227736,1999-05-07,A61K 31/711,1
BR6227736,1999-05-07,A61K 31/711,1
BR6227736,1999-05-07,A61P 7/00,1
BR6227736,1999-05-07,A61P 7/04,1
BR6227736,1999-05-07,A61P 7/06,1
BR6227736,1999-05-07,A61P 9/00,1
BR6227736,1999-05-07,A61P 9/10,1
BR6227736,1999-05-07,A61P 11/00,1
BR6227736,1999-05-07,A61P 11/06,1
BR6227736,1999-05-07,A61P 19/00,1
BR6227736,1999-05-07,A61P 19/02,1
BR6227736,1999-05-07,A61P 29/00,1
BR6227736,1999-05-07,A61P 29/00,1
BR6227736,1999-05-07,A61P 37/00,1
BR6227736,1999-05-07,A61P 37/00,1
BR6227736,1999-05-07,A61P 37/06,1
BR6227736,1999-05-07,A61P 37/08,1
BR6231622,1999-10-12,A61P 31/00,1
BR6231622,1999-10-12,A61P 31/04,1
BR6231622,1999-10-12,C40B 40/02,7
BR6231622,1999-10-12,C40B 40/02,7
BR5988175,1980-05-29,B01J 27/053,5
BR5988175,1980-05-29,B01J 27/055,5
BR5988175,1980-05-29,C07B 61/00,5
BR5988175,1980-05-29,C07B 61/00,5
BR6201847,1998-06-18,A61K 31/167,2
BR6201847,1998-06-18,A61K 31/167,2
BR6201847,1998-06-18,A61K 31/351,2
BR6201847,1998-06-18,A61K 31/351,2
BR6201847,1998-06-18,A61K 31/382,2
BR6201847,1998-06-18,A61K 31/382,2
BR6201847,1998-06-18,A61K 31/403,2
BR6201847,1998-06-18,A61K 31/404,2
BR6201847,1998-06-18,A61K 31/4164,2
BR6201847,1998-06-18,A61K 31/4166,2
BR6201847,1998-06-18,A61K 31/421,2
BR6201847,1998-06-18,A61K 31/421,2
BR6201847,1998-06-18,A61K 31/4409,2
BR6201847,1998-06-18,A61K 31/4409,2
BR6201847,1998-06-18,A61K 31/4468,2
BR6201847,1998-06-18,A61K 31/4468,2
BR6201847,1998-06-18,A61K 31/5375,2
BR6201847,1998-06-18,A61K 31/5375,2
BR6201847,1998-06-18,A61P 19/00,2
BR6201847,1998-06-18,A61P 19/02,2
BR6201847,1998-06-18,A61P 21/00,2
BR6201847,1998-06-18,A61P 21/00,2
BR6201847,1998-06-18,A61P 29/00,2
BR6201847,1998-06-18,A61P 29/00,2
BR6196518,1998-10-16,A61P 19/00,2
BR6196518,1998-10-16,A61P 19/04,2
BR6230101,1999-08-06,A61K 31/352,1
BR6230101,1999-08-06,A61K 31/352,1
BR6230101,1999-08-06,A61K 31/4353,1
BR6230101,1999-08-06,A61K 31/437,1
BR6230101,1999-08-06,A61K 31/661,1
BR6230101,1999-08-06,A61K 31/661,1
BR6230101,1999-08-06,A61K 31/7042,1
BR6230101,1999-08-06,A61K 31/7042,1
BR6230101,1999-08-06,A61K 31/7048,1
BR6230101,1999-08-06,A61P 25/00,1
BR6230101,1999-08-06,A61P 25/00,1
BR6230101,1999-08-06,A61P 35/00,1
BR6230101,1999-08-06,A61P 35/00,1
BR6230101,1999-08-06,A61P 43/00,1
BR6230101,1999-08-06,A61P 43/00,1
BR6227254,1999-02-11,A61P 31/00,1
BR6227254,1999-02-11,A61P 31/04,1
BR6227254,1999-02-11,A61P 31/20,1
BR5981519,1979-04-04,C07C 29/151,11
BR6055306,1987-02-13,C07C 209/00,3
BR6055306,1987-02-13,C07C 209/00,3
BR6055306,1987-02-13,C07C 209/62,3
BR6055306,1987-02-13,C07C 211/00,3
BR6055306,1987-02-13,C07C 211/46,3
BR6310054,2004-07-09,F23B 90/00,2
BR6310054,2004-07-09,F23B 90/00,2
BR6281365,2002-05-13,C40B 40/02,4
BR6281365,2002-05-13,C40B 40/02,4
BR6252621,1998-11-13,A61P 31/00,2
BR6252621,1998-11-13,A61P 31/00,2
BR6252621,1998-11-13,A61P 31/04,2
BR6252621,1998-11-13,A61P 31/18,2
BR6252621,1998-11-13,A61P 35/00,2
BR6252621,1998-11-13,A61P 35/00,2
BR6252621,1998-11-13,A61P 37/00,2
BR6252621,1998-11-13,A61P 37/02,2
BR6115701,1993-02-18,A01N 53/06,2
BR5986897,1980-03-13,C01B 37/00,15
BR5986897,1980-03-13,C01B 37/02,15
BR6102248,1990-08-20,C07K 5/072,5
BR6102609,1990-12-28,C07K 14/195,5
BR6102609,1990-12-28,C07K 14/195,5
BR6102609,1990-12-28,C07K 14/00,5
BR6102609,1990-12-28,C07K 14/00,5
BR6102609,1990-12-28,C07K 14/41,5
BR6102609,1990-12-28,C07K 14/41,5
BR6102609,1990-12-28,C07K 16/00,5
BR6102609,1990-12-28,C07K 16/00,5
BR6102609,1990-12-28,C07K 16/40,5
BR6102609,1990-12-28,C07K 16/40,5
BR6007664,1982-02-15,A23B 9/02,8
BR6007664,1982-02-15,A23B 9/08,8
BR6136582,1994-01-12,A61K 38/00,1
BR6136582,1994-01-12,A61K 38/00,1
BR6136582,1994-01-12,C07K 14/00,1
BR6136582,1994-01-12,C07K 14/00,1
BR6136582,1994-01-12,C07K 14/415,1
BR6136582,1994-01-12,C07K 14/415,1
BR6136582,1994-01-12,C07K 14/435,1
BR6136582,1994-01-12,C07K 14/435,1
BR6171291,1996-06-07,A61K 8/00,10
BR6171291,1996-06-07,A61K 8/00,10
BR6171291,1996-06-07,A61K 8/30,10
BR6171291,1996-06-07,A61K 8/44,10
BR6171291,1996-06-07,A61K 8/64,10
BR6171291,1996-06-07,A61K 8/66,10
BR6171291,1996-06-07,A61K 8/96,10
BR6171291,1996-06-07,A61K 8/99,10
BR6171291,1996-06-07,A61P 1/00,4
BR6171291,1996-06-07,A61P 1/02,4
BR6171291,1996-06-07,A61Q 11/00,10
BR6171291,1996-06-07,A61Q 11/00,10
BR6280677,2002-03-27,A61K 8/00,4
BR6280677,2002-03-27,A61K 8/00,4
BR6280677,2002-03-27,A61K 8/30,4
BR6280677,2002-03-27,A61K 8/37,4
BR6280677,2002-03-27,A61K 8/41,4
BR6280677,2002-03-27,A61K 8/46,4
BR6280677,2002-03-27,A61Q 13/00,4
BR6280677,2002-03-27,A61Q 13/00,4
BR6280677,2002-03-27,A61Q 15/00,4
BR6280677,2002-03-27,A61Q 15/00,4
BR6280677,2002-03-27,A61Q 19/00,4
BR6280677,2002-03-27,A61Q 19/00,4
BR6280677,2002-03-27,A61Q 19/10,4
BR6280677,2002-03-27,A61Q 19/10,4
BR6201336,1998-06-24,A61K 31/136,2
BR6201336,1998-06-24,A61K 31/136,2
BR6201336,1998-06-24,A61K 31/166,2
BR6201336,1998-06-24,A61K 31/166,2
BR6201336,1998-06-24,A61K 31/196,2
BR6201336,1998-06-24,A61P 3/00,2
BR6201336,1998-06-24,A61P 3/10,2
BR6201336,1998-06-24,A61P 9/00,2
BR6201336,1998-06-24,A61P 9/00,2
BR6201336,1998-06-24,A61P 9/04,2
BR6201336,1998-06-24,A61P 9/10,2
BR6201336,1998-06-24,A61P 17/00,2
BR6201336,1998-06-24,A61P 17/06,2
BR6201336,1998-06-24,A61P 25/00,2
BR6201336,1998-06-24,A61P 25/28,2
BR6201336,1998-06-24,A61P 29/00,2
BR6201336,1998-06-24,A61P 29/00,2
BR6201336,1998-06-24,A61P 35/00,2
BR6201336,1998-06-24,A61P 35/00,2
BR6201336,1998-06-24,A61P 37/00,2
BR6201336,1998-06-24,A61P 37/02,2
BR6201336,1998-06-24,A61P 43/00,2
BR6201336,1998-06-24,A61P 43/00,2
BR5955346,1977-04-22,A01N 37/34,3
BR5955346,1977-04-22,A01N 37/34,3
BR5955346,1977-04-22,A01N 53/00,3
BR5955346,1977-04-22,A01N 53/00,3
BR5955346,1977-04-22,A01N 53/08,18
BR5955346,1977-04-22,A01N 53/14,18
BR5955346,1977-04-22,A01P 7/04,29
BR5955346,1977-04-22,A01P 7/04,29
BR5955346,1977-04-22,C07B 31/00,8
BR5955346,1977-04-22,C07B 31/00,8
BR5955346,1977-04-22,C07B 55/00,8
BR5955346,1977-04-22,C07B 55/00,8
BR5955346,1977-04-22,C07B 57/00,8
BR5955346,1977-04-22,C07B 57/00,8
BR5955346,1977-04-22,C07C 69/743,3
BR5955346,1977-04-22,C07C 253/00,13
BR5955346,1977-04-22,C07C 253/00,13
BR5955346,1977-04-22,C07C 253/30,13
BR5955346,1977-04-22,C07C 255/00,13
BR5955346,1977-04-22,C07C 255/32,13
BR5955346,1977-04-22,C07C 255/38,13
BR5955346,1977-04-22,C07C 255/39,13
BR5955346,1977-04-22,C07C 255/53,13
BR29930194,2009-12-23,C12N 5/0735,1
BR5990251,1979-08-20,C12P 7/02,1
BR5990251,1979-08-20,C12P 7/08,1
BR6201142,1998-06-17,A61K 31/5575,2
BR6201142,1998-06-17,A61P 1/00,2
BR6201142,1998-06-17,A61P 1/04,2
BR6201142,1998-06-17,A61P 9/00,2
BR6201142,1998-06-17,A61P 9/00,2
BR6201142,1998-06-17,A61P 15/00,2
BR6201142,1998-06-17,A61P 15/10,2
BR6201142,1998-06-17,A61P 27/00,2
BR6201142,1998-06-17,A61P 27/00,2
BR6201142,1998-06-17,A61P 27/06,2
BR6308326,2004-01-22,C10L 1/188,2
BR6308326,2004-01-22,C10L 1/222,2
BR6308326,2004-01-22,C10L 10/08,2
BR6308326,2004-01-22,C10L 10/08,2
BR6206336,1999-02-03,A61K 31/726,1
BR6206336,1999-02-03,A61K 31/728,1
BR6206336,1999-02-03,A61P 19/00,1
BR6206336,1999-02-03,A61P 19/08,1
BR5940958,1975-07-08,C07C 203/00,15
BR5940958,1975-07-08,C07C 203/00,15
BR5940958,1975-07-08,C07C 203/04,15
BR5987246,1980-04-01,C07C 209/00,10
BR5987246,1980-04-01,C07C 209/60,10
BR5984641,1979-10-31,C07C 255/00,11
BR5984641,1979-10-31,C07C 255/38,11
BR5984641,1979-10-31,C07C 51/60,1
BR5984641,1979-10-31,C07C 51/64,1
BR5984641,1979-10-31,C07C 57/72,1
BR5984641,1979-10-31,C07C 57/76,1
BR5984641,1979-10-31,C07C 253/00,11
BR5984641,1979-10-31,C07C 253/00,11
BR5953819,1976-12-14,C07B 61/00,9
BR5953819,1976-12-14,C07B 61/00,9
BR5994688,1980-10-22,C07C 265/00,10
BR5994688,1980-10-22,C07C 265/14,10
BR5994688,1980-10-22,C07C 241/00,10
BR5994688,1980-10-22,C07C 241/00,10
BR5994688,1980-10-22,C09J 175/04,10
BR5994688,1980-10-22,C09J 175/04,10
BR6209145,1999-11-10,A61K 8/72,7
BR6209145,1999-11-10,A61K 8/896,7
BR6209145,1999-11-10,A61K 8/898,7
BR6209145,1999-11-10,A61Q 17/04,7
BR6209145,1999-11-10,A61Q 17/04,7
BR6265992,2001-12-12,C10L 10/08,5
BR6265992,2001-12-12,C10L 10/08,5
BR5975616,1979-01-30,C07C 49/185,1
WO2002066785,2001-02-23,C09K 8/52,5
BR6005167,1981-09-30,C07C 29/147,9
BR5965962,1978-04-04,A01N 47/10,2
BR5965962,1978-04-04,A01N 47/22,2
BR5965962,1978-04-04,C07C 325/00,12
BR5965962,1978-04-04,C07C 325/00,12
BR5965962,1978-04-04,C07C 381/00,12
BR5965962,1978-04-04,C07C 381/12,12
BR5965962,1978-04-04,C07D 295/205,12
BR325273899,2019-11-19,A01N 63/40,1
BR5997673,1981-03-30,C07C 29/157,9
BR6176484,1997-10-27,A61P 37/00,3
BR6176484,1997-10-27,A61P 37/04,3
BR6170792,1996-06-14,A61K 36/00,10
BR6170792,1996-06-14,A61K 36/00,10
BR6170792,1996-06-14,A61K 36/06,10
BR6170792,1996-06-14,A61K 36/06,10
BR6170792,1996-06-14,A61K 36/88,10
BR6170792,1996-06-14,A61K 36/899,10
BR6170792,1996-06-14,A61K 36/8998,10
BR6005590,1981-10-27,C07B 61/00,4
BR6005590,1981-10-27,C07B 61/00,4
BR6260350,2001-02-01,A61K 36/00,5
BR6260350,2001-02-01,A61K 36/00,5
BR6260350,2001-02-01,A61K 36/185,5
BR6260350,2001-02-01,A61K 36/28,5
BR6283930,2002-09-10,A61K 8/00,4
BR6283930,2002-09-10,A61K 8/00,4
BR6283930,2002-09-10,A61K 8/30,4
BR6283930,2002-09-10,A61K 8/37,4
BR6283930,2002-09-10,A61K 8/92,4
BR6283930,2002-09-10,A61K 8/92,4
BR6283930,2002-09-10,A61Q 5/02,4
BR6283930,2002-09-10,A61Q 5/02,4
BR6283930,2002-09-10,A61Q 13/00,4
BR6283930,2002-09-10,A61Q 13/00,4
BR5934184,1975-02-19,C07B 61/00,10
BR5934184,1975-02-19,C07B 61/00,10
BR6073752,1988-10-05,A01N 53/08,7
BR6211316,1999-03-03,A61K 31/404,1
BR6211316,1999-03-03,A61K 31/403,1
BR6211316,1999-03-03,A61K 31/403,1
BR6211316,1999-03-03,A61P 27/00,1
BR6211316,1999-03-03,A61P 27/02,1
BR6211316,1999-03-03,A61P 27/06,1
BR6308318,2004-01-26,C10L 1/222,2
BR6308318,2004-01-26,C10L 10/08,2
BR6308318,2004-01-26,C10L 10/08,2
BR5990987,1979-12-07,A61L 2/16,1
BR5990987,1979-12-07,A61L 2/16,1
BR5990987,1979-12-07,C12P 7/02,1
BR5990987,1979-12-07,C12P 7/06,1
BR6191404,1997-10-09,A61K 31/403,3
BR6191404,1997-10-09,A61K 31/404,3
BR6191404,1997-10-09,A61P 31/00,3
BR6191404,1997-10-09,A61P 31/04,3
BR6191404,1997-10-09,A61P 31/12,3
BR6267919,2002-08-20,A61K 8/00,4
BR6267919,2002-08-20,A61K 8/00,4
BR6267919,2002-08-20,A61K 8/30,4
BR6267919,2002-08-20,A61K 8/37,4
BR6267919,2002-08-20,A61K 8/92,4
BR6267919,2002-08-20,A61K 8/92,4
BR6267919,2002-08-20,A61Q 5/02,4
BR6267919,2002-08-20,A61Q 5/02,4
BR6267919,2002-08-20,A61Q 13/00,4
BR6267919,2002-08-20,A61Q 13/00,4
BR6310293,2004-08-13,C10L 1/188,2
BR5975556,1979-01-29,A01N 37/34,1
BR5975556,1979-01-29,A01N 37/34,1
BR5975556,1979-01-29,A01N 37/10,1
BR5975556,1979-01-29,A01N 37/10,1
BR5975556,1979-01-29,A01N 37/36,1
BR5975556,1979-01-29,A01N 37/38,1
BR5975556,1979-01-29,C07C 57/58,1
BR5975556,1979-01-29,C07C 57/76,1
BR5975556,1979-01-29,C07C 253/00,11
BR5975556,1979-01-29,C07C 253/00,11
BR5975556,1979-01-29,C07C 255/00,11
BR5975556,1979-01-29,C07C 255/38,11
BR5975556,1979-01-29,C07C 255/53,11
BR6203376,1998-09-10,A61K 31/198,2
BR6203376,1998-09-10,A61K 31/4406,2
BR6203376,1998-09-10,A61K 31/4406,2
BR6203376,1998-09-10,A61K 31/472,2
BR6203376,1998-09-10,A61K 31/472,2
BR6203376,1998-09-10,A61P 3/00,2
BR6203376,1998-09-10,A61P 3/10,2
BR6245091,2000-10-30,A23G 3/34,6
BR6245091,2000-10-30,A23G 3/50,6
BR29923251,2009-09-28,C12N 5/073,1
BR6006198,1981-12-01,B01J 23/889,14
BR6006198,1981-12-01,B01J 38/00,4
BR6006198,1981-12-01,B01J 38/00,4
BR6006198,1981-12-01,C07B 61/00,4
BR6006198,1981-12-01,C07B 61/00,4
BR5984762,1979-11-07,C07C 41/05,1
BR5984762,1979-11-07,C07B 61/00,6
BR5984762,1979-11-07,C07B 61/00,6
BR5919671,1973-05-15,C07C 45/38,7
BR5919671,1973-05-15,B01J 23/00,1
BR5919671,1973-05-15,B01J 23/00,1
BR5919671,1973-05-15,C07B 61/00,12
BR5919671,1973-05-15,C07B 61/00,12
BR5919671,1973-05-15,C07C 45/29,7
BR5919671,1973-05-15,C07C 45/81,7
BR5924023,1974-01-18,A01N 53/00,6
BR5924023,1974-01-18,A01N 53/08,21
BR5924023,1974-01-18,C07C 41/22,6
BR5924023,1974-01-18,C07C 41/26,6
BR5924023,1974-01-18,C07C 45/42,6
BR5924023,1974-01-18,C07C 45/43,6
BR6233233,1999-12-11,A61P 1/00,1
BR6233233,1999-12-11,A61P 1/04,1
BR6233233,1999-12-11,A61P 3/00,1
BR6233233,1999-12-11,A61P 3/10,1
BR6233233,1999-12-11,A61P 7/00,1
BR6233233,1999-12-11,A61P 7/02,1
BR6233233,1999-12-11,A61P 9/00,1
BR6233233,1999-12-11,A61P 9/10,1
BR6233233,1999-12-11,A61P 13/00,1
BR6233233,1999-12-11,A61P 13/12,1
BR6233233,1999-12-11,A61P 17/00,1
BR6233233,1999-12-11,A61P 17/02,1
BR6233233,1999-12-11,A61P 17/06,1
BR6233233,1999-12-11,A61P 19/00,1
BR6233233,1999-12-11,A61P 19/02,1
BR6233233,1999-12-11,A61P 19/10,1
BR6233233,1999-12-11,A61P 27/00,1
BR6233233,1999-12-11,A61P 27/02,1
BR6233233,1999-12-11,A61P 27/06,1
BR6233233,1999-12-11,A61P 29/00,1
BR6233233,1999-12-11,A61P 29/00,1
BR6233233,1999-12-11,A61P 31/00,1
BR6233233,1999-12-11,A61P 31/00,1
BR6233233,1999-12-11,A61P 35/00,1
BR6233233,1999-12-11,A61P 35/00,1
BR6233233,1999-12-11,A61P 37/00,1
BR6233233,1999-12-11,A61P 37/08,1
BR6233233,1999-12-11,A61P 43/00,1
BR6233233,1999-12-11,A61P 43/00,1
BR6090976,1989-10-31,C07C 29/149,1
BR5912636,1973-01-26,B09B 3/00,7
BR5912636,1973-01-26,B09B 3/00,7
BR5912636,1973-01-26,B29B 11/00,12
BR5912636,1973-01-26,B29B 11/00,12
BR5912636,1973-01-26,B29B 17/00,12
BR5912636,1973-01-26,B29B 17/00,12
BR5912636,1973-01-26,B29K 101/00,12
BR5912636,1973-01-26,C07C 4/00,7
BR5912636,1973-01-26,C07C 4/00,7
BR5912636,1973-01-26,C08F 8/00,1
BR5912636,1973-01-26,C08F 8/50,1
BR5912636,1973-01-26,C08J 11/00,1
BR5912636,1973-01-26,C08J 11/18,12
BR5912636,1973-01-26,C10B 53/07,33
BR5912636,1973-01-26,C10B 53/07,33
BR6204647,1998-09-27,A61K 31/223,2
BR6204647,1998-09-27,A61P 1/00,2
BR6204647,1998-09-27,A61P 1/04,2
BR6204647,1998-09-27,A61P 9/00,2
BR6204647,1998-09-27,A61P 9/10,2
BR6204647,1998-09-27,A61P 9/12,2
BR6204647,1998-09-27,A61P 11/00,2
BR6204647,1998-09-27,A61P 11/08,2
BR6204647,1998-09-27,A61P 13/00,2
BR6204647,1998-09-27,A61P 13/02,2
BR6204647,1998-09-27,A61P 13/08,2
BR6204647,1998-09-27,A61P 21/00,2
BR6204647,1998-09-27,A61P 21/02,2
BR6204647,1998-09-27,A61P 25/00,2
BR6204647,1998-09-27,A61P 25/08,2
BR6204647,1998-09-27,A61P 25/16,2
BR6204647,1998-09-27,A61P 25/28,2
BR6204647,1998-09-27,A61P 29/00,2
BR6204647,1998-09-27,A61P 29/00,2
BR6193014,1997-11-12,A61K 31/401,3
BR6193014,1997-11-12,A61K 31/401,3
BR6193014,1997-11-12,A61K 31/5375,3
BR6193014,1997-11-12,A61K 31/5377,3
BR6193014,1997-11-12,A61P 7/00,3
BR6193014,1997-11-12,A61P 7/02,3
BR6193014,1997-11-12,A61P 9/00,3
BR6193014,1997-11-12,A61P 9/08,3
BR6193014,1997-11-12,A61P 9/10,3
BR6193014,1997-11-12,A61P 9/12,3
BR6063947,1987-11-03,C07C 29/141,3
BR6025442,1983-11-17,C07B 61/00,2
BR6025442,1983-11-17,C07B 61/00,2
BR6025442,1983-11-17,C07C 253/00,7
BR6025442,1983-11-17,C07C 253/00,7
BR6025442,1983-11-17,C07C 253/30,7
BR6025442,1983-11-17,C07C 255/00,7
BR6025442,1983-11-17,C07C 255/00,7
BR6025442,1983-11-17,C07C 255/37,7
BR6025442,1983-11-17,C07C 255/38,7
BR6025442,1983-11-17,C07C 255/53,7
BR6025442,1983-11-17,C07K 5/00,2
BR6025442,1983-11-17,C07K 5/06,2
BR6025442,1983-11-17,C07K 5/078,12
BR6025442,1983-11-17,C07K 5/12,2
BR6206866,1999-04-01,C10L 1/236,7
BR6206866,1999-04-01,C10L 1/238,7
BR6206866,1999-04-01,C10L 10/08,7
BR6206866,1999-04-01,C10L 10/08,7
BR6206866,1999-04-01,C10L 10/18,7
BR6035490,1984-12-21,C07B 61/00,1
BR6035490,1984-12-21,C07B 61/00,1
BR6035490,1984-12-21,C07C 213/00,6
BR6035490,1984-12-21,C07C 213/00,6
BR6035490,1984-12-21,C07C 213/02,6
BR6035490,1984-12-21,C07C 217/00,6
BR6035490,1984-12-21,C07C 217/08,6
BR6035490,1984-12-21,C07C 217/44,6
BR6003707,1981-06-25,B01J 27/199,9
BR5886787,1966-08-11,A01N 33/00,14
BR5886787,1966-08-11,A01N 33/08,14
BR5886787,1966-08-11,C07C 43/00,2
BR5886787,1966-08-11,C07C 43/196,14
BR5886787,1966-08-11,C07C 323/00,24
BR5886787,1966-08-11,C07C 323/25,24
BR6173353,1996-10-25,A61L 27/24,4
BR6173353,1996-10-25,A61L 27/38,4
BR6173353,1996-10-25,A61L 27/44,4
BR6173353,1996-10-25,A61L 27/54,4
BR6173353,1996-10-25,A61P 17/00,4
BR6173353,1996-10-25,A61P 17/02,4
BR5887501,1966-12-27,A01N 31/00,14
BR5887501,1966-12-27,A01N 31/04,14
BR5887501,1966-12-27,C07C 31/00,2
BR5887501,1966-12-27,C07C 31/34,2
BR6046408,1986-04-24,B01J 23/881,9
BR5941572,1975-08-14,C07C 29/132,5
BR5941572,1975-08-14,B01J 29/068,20
BR5941572,1975-08-14,B01J 29/90,20
BR5941572,1975-08-14,B01J 38/00,10
BR5941572,1975-08-14,B01J 38/60,10
BR5941572,1975-08-14,C07B 61/00,10
BR5941572,1975-08-14,C07B 61/00,10
BR5941572,1975-08-14,C07C 29/141,15
BR5941572,1975-08-14,C07C 29/145,15
BR5901628,1971-02-03,C02F 1/68,9
BR5901628,1971-02-03,C02F 1/68,9
BR5901628,1971-02-03,C02F 3/00,9
BR5901628,1971-02-03,C02F 3/00,9
BR5901628,1971-02-03,C02F 3/34,9
BR5901628,1971-02-03,C02F 3/34,9
BR5901628,1971-02-03,C02F 101/32,29
BR5901628,1971-02-03,C05F 17/00,19
BR5901628,1971-02-03,C05F 17/00,19
BR5901628,1971-02-03,C05G 5/00,14
BR5901628,1971-02-03,C05G 5/00,14
BR5901628,1971-02-03,C12N 1/20,9
BR5901628,1971-02-03,C12N 1/20,9
BR5901628,1971-02-03,C12N 1/26,9
BR5901628,1971-02-03,C12N 1/26,9
BR6164710,1997-03-31,A61P 3/00,3
BR6164710,1997-03-31,A61P 3/08,3
BR6164710,1997-03-31,A61P 3/10,3
BR6164710,1997-03-31,A61P 29/00,3
BR6164710,1997-03-31,A61P 29/00,3
BR6164710,1997-03-31,A61P 35/00,3
BR6164710,1997-03-31,A61P 35/00,3
BR6164710,1997-03-31,A61P 43/00,3
BR6164710,1997-03-31,A61P 43/00,3
BR6227656,1999-11-10,C08F 4/659,7
BR5930463,1974-05-30,B01J 31/00,0
BR5930463,1974-05-30,B01J 31/00,0
BR5930463,1974-05-30,C07B 61/00,11
BR5930463,1974-05-30,C07B 61/00,11
BR5931094,1974-07-10,C12N 1/20,6
BR5931094,1974-07-10,C12N 1/20,6
BR5931094,1974-07-10,B09B 3/00,6
BR5931094,1974-07-10,B09B 3/00,6
BR5931094,1974-07-10,C02F 11/02,6
BR5931094,1974-07-10,C02F 11/02,6
BR5931094,1974-07-10,C05F 17/02,16
BR5931094,1974-07-10,C05F 17/02,16
BR5882576,1963-04-24,C07F 7/00,5
BR5882576,1963-04-24,C07F 7/24,5
BR5882576,1963-04-24,C10L 1/10,5
BR5882576,1963-04-24,C10L 1/30,5
BR5888708,1967-10-24,C08B 37/00,7
BR5888708,1967-10-24,C08B 37/16,7
BR5888708,1967-10-24,C12P 19/00,13
BR5888708,1967-10-24,C12P 19/18,13
WO2009046524,2008-10-08,C08H 8/00,2
BR6310270,2004-08-12,C10L 1/232,2
WO2020109567,2019-11-29,A01N 63/20,1
BR6282908,2002-07-17,A61K 36/185,4
BR6282908,2002-07-17,A61K 36/48,4
BR6022913,1983-05-04,C07B 61/00,2
BR6022913,1983-05-04,C07B 61/00,2
BR6192485,1997-07-23,A61K 31/216,3
BR6192485,1997-07-23,A61K 31/357,3
BR6192485,1997-07-23,A61K 31/357,3
BR6192485,1997-07-23,A61K 31/381,3
BR6192485,1997-07-23,A61K 31/381,3
BR6192485,1997-07-23,A61K 31/439,3
BR6192485,1997-07-23,A61K 31/439,3
BR6192485,1997-07-23,A61P 1/00,3
BR6192485,1997-07-23,A61P 1/00,3
BR6192485,1997-07-23,A61P 13/00,3
BR6192485,1997-07-23,A61P 13/00,3
BR6192485,1997-07-23,A61P 13/10,3
BR6072913,1988-07-29,C07C 239/00,2
BR6072913,1988-07-29,C07C 239/00,2
BR6072913,1988-07-29,C07C 275/00,2
BR6072913,1988-07-29,C07C 275/62,2
WO2016102323,2015-12-17,A23L 33/105,1
WO2016102323,2015-12-17,A23L 33/115,1
WO2016102323,2015-12-17,A23L 33/12,1
WO2016102323,2015-12-17,A23L 33/175,1
BR6257539,2000-12-28,A23G 3/34,6
BR6257539,2000-12-28,A23G 3/36,6
BR6257539,2000-12-28,A61K 8/00,6
BR6257539,2000-12-28,A61K 8/00,6
BR6257539,2000-12-28,A61K 8/30,6
BR6257539,2000-12-28,A61K 8/30,6
BR6257539,2000-12-28,A61K 8/46,6
BR6257539,2000-12-28,A61Q 5/00,6
BR6257539,2000-12-28,A61Q 5/00,6
BR6257539,2000-12-28,A61Q 5/02,6
BR6257539,2000-12-28,A61Q 5/02,6
BR6257539,2000-12-28,A61Q 19/00,6
BR6257539,2000-12-28,A61Q 19/00,6
BR6046405,1986-04-24,A01N 53/10,9
BR6065527,1988-02-12,B01J 23/881,7
BR6065527,1988-02-12,B01J 23/882,7
BR6065527,1988-02-12,B01J 23/887,7
BR6211956,1999-03-31,A61K 8/19,7
BR6211956,1999-03-31,A61K 8/26,7
BR6211956,1999-03-31,A61K 8/00,7
BR6211956,1999-03-31,A61K 8/00,7
BR6211956,1999-03-31,A61K 8/20,7
BR6211956,1999-03-31,A61K 8/25,7
BR6211956,1999-03-31,A61K 8/27,7
BR6211956,1999-03-31,A61K 8/30,7
BR6211956,1999-03-31,A61K 8/31,7
BR6211956,1999-03-31,A61K 8/34,7
BR6211956,1999-03-31,A61K 8/37,7
BR6211956,1999-03-31,A61K 8/39,7
BR6211956,1999-03-31,A61K 8/40,7
BR6211956,1999-03-31,A61K 8/41,7
BR6211956,1999-03-31,A61K 8/44,7
BR6211956,1999-03-31,A61K 8/49,7
BR6211956,1999-03-31,A61K 8/55,7
BR6211956,1999-03-31,A61K 8/58,7
BR6211956,1999-03-31,A61K 8/72,7
BR6211956,1999-03-31,A61K 8/72,7
BR6211956,1999-03-31,A61K 8/73,7
BR6211956,1999-03-31,A61K 8/81,7
BR6211956,1999-03-31,A61K 8/86,7
BR6211956,1999-03-31,A61K 8/89,7
BR6211956,1999-03-31,A61K 8/891,7
BR6211956,1999-03-31,A61K 8/892,7
BR6211956,1999-03-31,A61K 8/893,7
BR6211956,1999-03-31,A61K 8/894,7
BR6211956,1999-03-31,A61K 8/895,7
BR6211956,1999-03-31,A61K 8/898,7
BR6211956,1999-03-31,A61K 8/90,7
BR6211956,1999-03-31,A61K 8/92,7
BR6211956,1999-03-31,A61K 8/92,7
BR6211956,1999-03-31,A61Q 13/00,7
BR6211956,1999-03-31,A61Q 13/00,7
BR6211956,1999-03-31,A61Q 15/00,7
BR6211956,1999-03-31,A61Q 15/00,7
BR6211956,1999-03-31,A61Q 17/00,7
BR6211956,1999-03-31,A61Q 17/00,7
BR6211956,1999-03-31,A61Q 17/02,7
BR6211956,1999-03-31,A61Q 17/02,7
BR6211956,1999-03-31,A61Q 19/00,7
BR6211956,1999-03-31,A61Q 19/00,7
BR5930462,1974-05-30,B01J 8/04,0
BR5930462,1974-05-30,B01J 8/04,0
BR5930462,1974-05-30,B01J 31/00,0
BR5930462,1974-05-30,B01J 31/00,0
BR5930462,1974-05-30,C07B 61/00,11
BR5930462,1974-05-30,C07B 61/00,11
BR5930462,1974-05-30,C07C 29/128,6
BR5930462,1974-05-30,C07C 67/03,0
BR5959288,1977-03-24,C12N 1/00,3
BR5959288,1977-03-24,C12N 1/00,3
BR5959288,1977-03-24,C02F 3/28,3
BR5959288,1977-03-24,C02F 3/28,3
BR5959288,1977-03-24,C02F 11/04,3
BR5959288,1977-03-24,C02F 11/04,3
BR5959288,1977-03-24,C05F 17/00,13
BR5959288,1977-03-24,C05F 17/00,13
BR5959288,1977-03-24,C12M 1/107,13
BR5959288,1977-03-24,C12M 1/107,13
BR6245734,2000-10-11,A61K 8/02,6
BR6245734,2000-10-11,A61K 8/02,6
BR6245734,2000-10-11,A61K 8/04,6
BR6245734,2000-10-11,A61K 8/04,6
BR6245734,2000-10-11,A61K 8/30,6
BR6245734,2000-10-11,A61K 8/30,6
BR6245734,2000-10-11,A61K 8/64,6
BR6245734,2000-10-11,A61K 8/72,6
BR6245734,2000-10-11,A61K 8/90,6
BR6245734,2000-10-11,A61Q 19/00,6
BR6245734,2000-10-11,A61Q 19/00,6
BR6005029,1981-09-22,B01D 53/38,14
BR6005029,1981-09-22,B01D 53/38,14
BR6005029,1981-09-22,B01D 53/81,14
BR6005029,1981-09-22,B01D 53/81,14
BR6043546,1985-09-30,A61K 31/5375,15
BR6043546,1985-09-30,A61K 31/5375,15
BR6043546,1985-09-30,A61P 9/00,15
BR6043546,1985-09-30,A61P 9/00,15
BR6043546,1985-09-30,A61P 25/00,15
BR6043546,1985-09-30,A61P 25/28,15
BR6043546,1985-09-30,C07C 213/00,5
BR6043546,1985-09-30,C07C 213/00,5
BR6043546,1985-09-30,C07C 213/02,5
BR6043546,1985-09-30,C07C 215/00,5
BR6043546,1985-09-30,C07C 215/30,5
BR6043546,1985-09-30,C07C 217/00,5
BR6043546,1985-09-30,C07C 217/48,5
BR6043546,1985-09-30,C07C 217/64,5
BR6043546,1985-09-30,C07C 217/70,5
BR6043546,1985-09-30,C07D 295/13,5
BR6061775,1987-05-22,C07C 327/00,3
BR6061775,1987-05-22,C07C 327/00,3
BR6181378,1997-08-29,A61K 8/00,9
BR6181378,1997-08-29,A61K 8/00,9
BR6181378,1997-08-29,A61Q 13/00,9
BR6181378,1997-08-29,A61Q 13/00,9
BR5881842,1961-11-24,C12N 9/00,19
BR5881842,1961-11-24,C12N 9/00,19
BR5881842,1961-11-24,C12N 9/26,19
BR5881842,1961-11-24,C12N 9/30,19
BR5881842,1961-11-24,C12N 9/34,19
BR5887515,1966-12-28,C12N 9/00,14
BR5887515,1966-12-28,C12N 9/00,14
BR5887515,1966-12-28,C12N 9/26,14
BR5887515,1966-12-28,C12N 9/30,14
BR5887515,1966-12-28,C12N 9/34,14
BR5942204,1975-09-23,A23B 7/022,15
BR5942204,1975-09-23,A23L 1/0522,15
BR5942204,1975-09-23,A23L 1/0522,15
BR5942204,1975-09-23,A23L 3/40,10
BR5942204,1975-09-23,A23L 3/48,15
BR5910132,1972-07-21,C12P 7/40,8
BR5910132,1972-07-21,C12P 7/48,8
BR5910132,1972-07-21,C12R 1/72,8
BR6196785,1998-10-15,C10L 1/192,8
BR6196785,1998-10-15,C10L 1/195,8
BR6196785,1998-10-15,C10L 1/198,8
BR6196785,1998-10-15,C10L 1/238,8
BR6196785,1998-10-15,C10L 1/2383,8
BR6196785,1998-10-15,C10L 10/08,8
BR6196785,1998-10-15,C10L 10/08,8
BR6024258,1983-08-15,C07D 295/088,7
BR6024258,1983-08-15,C10L 1/23,23
BR6024258,1983-08-15,C10L 1/233,23
BR6102864,1991-02-19,A01P 13/00,15
BR6102864,1991-02-19,A01P 13/00,15
BR6160654,1996-10-02,C10L 1/192,10
BR6160654,1996-10-02,C10L 1/196,10
BR6160654,1996-10-02,C10L 10/08,10
BR6160654,1996-10-02,C10L 10/08,10
BR6160654,1996-10-02,C10L 10/18,10
BR5924218,1974-02-01,C12N 1/00,6
BR5924218,1974-02-01,C12N 1/00,6
BR5924218,1974-02-01,C12N 1/06,6
BR5924218,1974-02-01,C12N 1/06,6
BR6104536,1991-09-25,A01P 13/00,15
BR6104536,1991-09-25,A01P 13/00,15
BR5954585,1977-02-03,C07C 45/42,3
BR5954585,1977-02-03,C07C 45/56,3
BR5954585,1977-02-03,C07C 47/575,3
WO2022144195,2021-12-17,C12P 7/625,1
BR5945782,1976-04-30,A01N 37/34,4
BR5945782,1976-04-30,A01N 37/34,4
BR5945782,1976-04-30,C07C 253/00,14
BR5945782,1976-04-30,C07C 253/00,14
BR5945782,1976-04-30,C07C 255/00,14
BR5945782,1976-04-30,C07C 255/37,14
BR5945782,1976-04-30,C07C 255/41,14
BR5945782,1976-04-30,C07C 255/53,14
BR5945782,1976-04-30,C07C 255/56,14
BR5945782,1976-04-30,C07C 313/00,14
BR5945782,1976-04-30,C07C 313/00,14
BR5945782,1976-04-30,C07C 319/00,14
BR5945782,1976-04-30,C07C 319/20,14
BR5945782,1976-04-30,C07C 323/00,14
BR5945782,1976-04-30,C07C 323/62,14
BR5945170,1976-03-22,C07C 43/29,4
BR5945170,1976-03-22,C07C 41/22,4
BR6193727,1997-12-22,A01N 65/08,12
BR6193727,1997-12-22,A01N 65/08,12
BR6193727,1997-12-22,A01P 3/00,9
BR6193727,1997-12-22,A01P 3/00,9
BR6193727,1997-12-22,A61P 31/00,3
BR6193727,1997-12-22,A61P 31/04,3
BR6193727,1997-12-22,A61P 31/10,3
BR5885275,1965-09-27,C07C 45/00,3
BR5885275,1965-09-27,C07C 45/46,15
BR5885275,1965-09-27,C07C 45/56,15
BR5885275,1965-09-27,C07C 47/52,3
BR5885275,1965-09-27,C07C 47/546,15
BR5885275,1965-09-27,C07C 49/00,3
BR5885275,1965-09-27,C07C 49/792,15
BR5885275,1965-09-27,C11B 9/00,3
BR5885275,1965-09-27,C11B 9/00,3
BR5885278,1965-09-27,C07C 205/00,25
BR5885278,1965-09-27,C07C 205/06,25
BR5954975,1977-02-28,C07B 61/00,8
BR5954975,1977-02-28,C07B 61/00,8
BR5954975,1977-02-28,A01N 29/00,3
BR5954975,1977-02-28,A01N 29/00,3
BR5954975,1977-02-28,A01N 31/00,3
BR5954975,1977-02-28,A01N 31/04,3
BR5954975,1977-02-28,A01N 37/34,3
BR5954975,1977-02-28,A01N 37/34,3
BR5954975,1977-02-28,A01N 37/36,3
BR5954975,1977-02-28,A01N 37/36,3
BR5954975,1977-02-28,A01N 53/00,3
BR5954975,1977-02-28,A01N 53/00,3
BR5954975,1977-02-28,C07C 253/00,13
BR5954975,1977-02-28,C07C 253/00,13
BR5954975,1977-02-28,C07C 255/00,13
BR5954975,1977-02-28,C07C 255/38,13
BR5954975,1977-02-28,C07C 255/53,13
BR5954975,1977-02-28,C07C 313/00,13
BR5954975,1977-02-28,C07C 313/00,13
BR5954975,1977-02-28,C07C 319/00,13
BR5954975,1977-02-28,C07C 319/20,13
BR5954975,1977-02-28,C07C 323/00,13
BR5954975,1977-02-28,C07C 323/62,13
BR5997989,1981-04-20,C07C 255/39,9
BR5997989,1981-04-20,A01N 53/14,14
BR5997989,1981-04-20,C07B 57/00,4
BR5997989,1981-04-20,C07B 57/00,4
BR5997989,1981-04-20,C07C 253/00,9
BR5997989,1981-04-20,C07C 253/00,9
BR5997989,1981-04-20,C07C 253/34,9
BR5997989,1981-04-20,C07C 255/00,9
BR5997989,1981-04-20,C07C 255/53,9
BR5953164,1976-11-10,C07C 69/614,4
BR5953164,1976-11-10,A01N 37/10,4
BR5953164,1976-11-10,A01N 37/10,4
BR5953164,1976-11-10,A01N 37/36,4
BR5953164,1976-11-10,A01N 37/38,4
BR5953164,1976-11-10,A01N 53/00,4
BR5953164,1976-11-10,A01N 53/08,19
BR5953164,1976-11-10,C07B 61/00,9
BR5953164,1976-11-10,C07B 61/00,9
BR5953164,1976-11-10,C07C 69/003,4
BR5953164,1976-11-10,C07C 69/612,4
BR5953164,1976-11-10,C07C 69/635,4
BR5953164,1976-11-10,C07C 69/743,4
BR5953164,1976-11-10,C07C 253/00,14
BR5953164,1976-11-10,C07C 253/00,14
BR5953164,1976-11-10,C07C 255/00,14
BR5953164,1976-11-10,C07C 255/38,14
BR5953164,1976-11-10,C07C 255/53,14
BR6149535,1995-11-09,A61K 31/403,5
BR6149535,1995-11-09,A61K 31/4035,5
BR6149535,1995-11-09,A61P 35/00,5
BR6149535,1995-11-09,A61P 35/00,5
BR6149535,1995-11-09,A61P 43/00,5
BR6149535,1995-11-09,A61P 43/00,5
BR5898264,1970-01-02,C10L 3/10,20
BR5937947,1974-11-29,C07C 2/00,6
BR5937947,1974-11-29,A61K 8/30,32
BR5937947,1974-11-29,A61K 8/31,32
BR5937947,1974-11-29,A61Q 13/00,32
BR5937947,1974-11-29,A61Q 13/00,32
BR5937947,1974-11-29,C07B 61/00,11
BR5937947,1974-11-29,C07B 61/00,11
BR5937947,1974-11-29,C07C 2/00,6
BR5937947,1974-11-29,C07C 2/76,6
BR5937947,1974-11-29,C07C 2/86,6
BR5937947,1974-11-29,C07C 49/792,6
BR6201395,1998-06-26,C12R 1/94,2
BR6132029,1994-12-02,B01J 23/889,1
BR5922861,1973-11-09,C12N 1/00,7
BR5922861,1973-11-09,C12N 1/00,7
BR6191800,1997-01-31,A01N 65/08,12
BR6191800,1997-01-31,A01N 65/08,12
BR6191800,1997-01-31,A01P 3/00,9
BR6191800,1997-01-31,A01P 3/00,9
BR6245154,2000-10-26,A61K 36/00,6
BR6245154,2000-10-26,A61K 36/00,6
BR5921095,1973-07-27,C12N 9/44,7
BR5921095,1973-07-27,C12N 9/46,7
BR6033405,1984-07-20,C07B 43/00,1
BR6033405,1984-07-20,C07B 43/08,1
BR6033405,1984-07-20,C07B 53/00,1
BR6033405,1984-07-20,C07B 53/00,1
BR6033405,1984-07-20,C07K 5/00,1
BR6033405,1984-07-20,C07K 5/12,1
BR6132027,1994-12-02,B01J 23/889,1
BR6065863,1988-03-11,C07C 233/00,2
BR6065863,1988-03-11,C07C 233/18,2
BR6233128,1999-12-13,A61P 5/00,1
BR6233128,1999-12-13,A61P 5/14,1
BR6233128,1999-12-13,A61P 11/00,1
BR6233128,1999-12-13,A61P 11/00,1
BR6233128,1999-12-13,A61P 11/06,1
BR6233128,1999-12-13,A61P 13/00,1
BR6233128,1999-12-13,A61P 13/12,1
BR6233128,1999-12-13,A61P 29/00,1
BR6233128,1999-12-13,A61P 29/00,1
BR6233128,1999-12-13,A61P 37/00,1
BR6233128,1999-12-13,A61P 37/00,1
BR6233128,1999-12-13,A61P 37/08,1
BR6268511,2002-11-11,A23G 3/34,4
BR6268511,2002-11-11,A23G 3/34,4
BR6268511,2002-11-11,A23G 3/54,4
BR6013705,1982-05-24,C07C 253/00,8
BR6013705,1982-05-24,C07C 253/00,8
BR6013705,1982-05-24,A01N 53/08,13
BR6013705,1982-05-24,C07B 61/00,3
BR6013705,1982-05-24,C07B 61/00,3
BR6013705,1982-05-24,C07C 255/00,8
BR6013705,1982-05-24,C07C 255/39,8
BR6013705,1982-05-24,C07C 255/53,8
BR5918936,1973-04-17,A61L 15/16,17
BR5918936,1973-04-17,A61L 15/42,17
BR5918936,1973-04-17,B29C 44/00,22
BR5918936,1973-04-17,B29C 44/32,22
BR5918936,1973-04-17,B29C 44/34,22
BR5918936,1973-04-17,B29C 44/56,22
BR5918936,1973-04-17,C08G 18/00,1
BR5918936,1973-04-17,C08G 18/00,1
BR5918936,1973-04-17,C08G 18/48,1
BR5918936,1973-04-17,C08J 9/00,1
BR5918936,1973-04-17,C08J 9/00,1
BR5918936,1973-04-17,C08J 9/02,1
BR5918936,1973-04-17,C12N 11/00,7
BR5918936,1973-04-17,C12N 11/08,7
BR5918936,1973-04-17,C12P 19/00,7
BR5918936,1973-04-17,C12P 19/20,7
BR5918936,1973-04-17,C12P 37/00,7
BR5918936,1973-04-17,C12P 37/06,7
WO2010071867,2009-12-21,C08H 8/00,1
WO2010080464,2009-12-17,C08H 8/00,1
WO2011005507,2010-06-22,C13B 10/02,1
WO2011005507,2010-06-22,C13B 5/04,1
WO2003076492,2003-03-10,C10L 1/198,3
BR6312346,2005-03-22,A61K 8/72,1
BR6312346,2005-03-22,A61K 8/72,1
BR6312346,2005-03-22,A61K 8/00,1
BR6312346,2005-03-22,A61K 8/00,1
BR6312346,2005-03-22,A61K 8/73,1
BR6312346,2005-03-22,A61Q 19/00,1
BR6312346,2005-03-22,A61Q 19/00,1
WO2016087445,2015-12-01,A23L 29/30,1
BR6311047,2004-11-26,A61K 8/30,2
BR6311047,2004-11-26,A61K 8/00,2
BR6311047,2004-11-26,A61K 8/00,2
BR6311047,2004-11-26,A61K 8/04,2
BR6311047,2004-11-26,A61K 8/04,2
BR6311047,2004-11-26,A61K 8/18,2
BR6311047,2004-11-26,A61K 8/18,2
BR6311047,2004-11-26,A61K 8/30,2
BR6311047,2004-11-26,A61K 8/31,2
BR6311047,2004-11-26,A61K 8/34,2
BR6311047,2004-11-26,A61K 8/36,2
BR6311047,2004-11-26,A61K 8/362,2
BR6311047,2004-11-26,A61K 8/365,2
BR6311047,2004-11-26,A61K 8/368,2
BR6311047,2004-11-26,A61K 8/40,2
BR6311047,2004-11-26,A61K 8/42,2
BR6311047,2004-11-26,A61K 8/49,2
BR6311047,2004-11-26,A61K 8/60,2
BR6311047,2004-11-26,A61K 8/72,2
BR6311047,2004-11-26,A61K 8/72,2
BR6311047,2004-11-26,A61K 8/73,2
BR6311047,2004-11-26,A61K 8/92,2
BR6311047,2004-11-26,A61K 8/92,2
BR6311047,2004-11-26,A61K 8/96,2
BR6311047,2004-11-26,A61K 8/96,2
BR6311047,2004-11-26,A61K 8/97,2
BR6311047,2004-11-26,A61Q 5/00,2
BR6311047,2004-11-26,A61Q 5/00,2
BR6311047,2004-11-26,A61Q 5/02,2
BR6311047,2004-11-26,A61Q 5/02,2
BR6311047,2004-11-26,A61Q 5/04,2
BR6311047,2004-11-26,A61Q 5/04,2
BR6311047,2004-11-26,A61Q 5/06,2
BR6311047,2004-11-26,A61Q 5/06,2
BR6311047,2004-11-26,A61Q 5/12,2
BR6311047,2004-11-26,A61Q 5/12,2
BR6311047,2004-11-26,A61Q 19/00,2
BR6311047,2004-11-26,A61Q 19/00,2
BR6116149,1993-04-12,C07K 14/435,2
BR6116149,1993-04-12,C07K 14/47,2
WO2011007369,2009-07-13,C08H 8/00,1
WO2016098048,2015-12-17,A23L 29/00,1
BR6252569,1998-12-22,A61K 31/357,2
BR6252569,1998-12-22,A61K 31/357,2
BR6252569,1998-12-22,A61K 31/381,2
BR6252569,1998-12-22,A61K 31/381,2
BR6252569,1998-12-22,A61K 31/428,2
BR6252569,1998-12-22,A61K 31/428,2
BR6252569,1998-12-22,A61K 31/4402,2
BR6252569,1998-12-22,A61K 31/4402,2
BR6252569,1998-12-22,A61K 31/4406,2
BR6252569,1998-12-22,A61K 31/4406,2
BR6252569,1998-12-22,A61K 31/4409,2
BR6252569,1998-12-22,A61K 31/4409,2
BR6252569,1998-12-22,A61K 31/4412,2
BR6252569,1998-12-22,A61K 31/4412,2
BR6252569,1998-12-22,A61K 31/4418,2
BR6252569,1998-12-22,A61K 31/4418,2
BR6252569,1998-12-22,A61K 31/4427,2
BR6252569,1998-12-22,A61K 31/4427,2
BR6252569,1998-12-22,A61K 31/4433,2
BR6252569,1998-12-22,A61K 31/4436,2
BR6252569,1998-12-22,A61K 31/4439,2
BR6252569,1998-12-22,A61P 35/00,2
BR6252569,1998-12-22,A61P 35/00,2
BR6252569,1998-12-22,A61P 43/00,2
BR6252569,1998-12-22,A61P 43/00,2
BR6232244,1999-11-08,A61K 31/166,1
BR6232244,1999-11-08,A61K 31/166,1
BR6232244,1999-11-08,A61K 31/167,1
BR6232244,1999-11-08,A61K 31/167,1
BR6232244,1999-11-08,A61K 31/4164,1
BR6232244,1999-11-08,A61K 31/417,1
BR6232244,1999-11-08,A61K 31/4409,1
BR6232244,1999-11-08,A61K 31/4409,1
BR6232244,1999-11-08,A61K 31/4427,1
BR6232244,1999-11-08,A61K 31/443,1
BR6232244,1999-11-08,A61K 31/4738,1
BR6232244,1999-11-08,A61K 31/4745,1
BR6232244,1999-11-08,A61P 17/00,1
BR6232244,1999-11-08,A61P 17/00,1
BR6232244,1999-11-08,A61P 27/00,1
BR6232244,1999-11-08,A61P 27/02,1
BR6232244,1999-11-08,A61P 35/00,1
BR6232244,1999-11-08,A61P 35/00,1
BR6232244,1999-11-08,A61P 43/00,1
BR6232244,1999-11-08,A61P 43/00,1
WO2002062358,2002-02-07,C12N 5/071,8
WO2005061544,2004-12-20,C12N 5/079,6
BR6202481,1998-09-09,A61K 31/429,2
BR6202481,1998-09-09,A61K 31/431,2
BR6202481,1998-09-09,A61K 31/4965,2
BR6202481,1998-09-09,A61K 31/497,2
BR6202481,1998-09-09,A61K 31/546,2
BR6202481,1998-09-09,A61K 31/546,2
BR6202481,1998-09-09,A61K 31/7028,2
BR6202481,1998-09-09,A61K 31/7028,2
BR6202481,1998-09-09,A61L 27/36,2
BR6202481,1998-09-09,A61L 27/54,2
BR6202481,1998-09-09,A61P 3/00,2
BR6202481,1998-09-09,A61P 3/14,2
BR6202481,1998-09-09,A61P 29/00,2
BR6202481,1998-09-09,A61P 29/00,2
BR6202481,1998-09-09,A61P 31/00,2
BR6202481,1998-09-09,A61P 31/02,2
BR6202481,1998-09-09,A61P 31/04,2
BR6202481,1998-09-09,A61P 31/06,2
BR6202481,1998-09-09,A61P 31/10,2
BR6202481,1998-09-09,A61P 31/12,2
BR6202481,1998-09-09,A61P 33/00,2
BR6202481,1998-09-09,A61P 33/10,2
BR6232554,1999-11-09,A61K 31/166,1
BR6232554,1999-11-09,A61K 31/166,1
BR6232554,1999-11-09,A61K 31/403,1
BR6232554,1999-11-09,A61K 31/403,1
BR6232554,1999-11-09,A61K 31/404,1
BR6232554,1999-11-09,A61K 31/4409,1
BR6232554,1999-11-09,A61K 31/4409,1
BR6232554,1999-11-09,A61K 31/4427,1
BR6232554,1999-11-09,A61K 31/4427,1
BR6232554,1999-11-09,A61K 31/443,1
BR6232554,1999-11-09,A61K 31/4433,1
BR6232554,1999-11-09,A61K 31/4436,1
BR6232554,1999-11-09,A61K 31/4439,1
BR6232554,1999-11-09,A61K 31/444,1
BR6232554,1999-11-09,A61K 31/4709,1
BR6232554,1999-11-09,A61K 31/4709,1
BR6232554,1999-11-09,A61K 31/472,1
BR6232554,1999-11-09,A61K 31/4725,1
BR6232554,1999-11-09,A61K 31/506,1
BR6232554,1999-11-09,A61K 31/506,1
BR6232554,1999-11-09,A61K 31/517,1
BR6232554,1999-11-09,A61K 31/517,1
BR6232554,1999-11-09,A61K 31/536,1
BR6232554,1999-11-09,A61K 31/536,1
BR6232554,1999-11-09,A61P 1/00,1
BR6232554,1999-11-09,A61P 1/16,1
BR6232554,1999-11-09,A61P 3/00,1
BR6232554,1999-11-09,A61P 3/10,1
BR6232554,1999-11-09,A61P 9/00,1
BR6232554,1999-11-09,A61P 9/10,1
BR6232554,1999-11-09,A61P 9/14,1
BR6232554,1999-11-09,A61P 13/00,1
BR6232554,1999-11-09,A61P 13/12,1
BR6232554,1999-11-09,A61P 17/00,1
BR6232554,1999-11-09,A61P 17/06,1
BR6232554,1999-11-09,A61P 19/00,1
BR6232554,1999-11-09,A61P 19/02,1
BR6232554,1999-11-09,A61P 27/00,1
BR6232554,1999-11-09,A61P 27/02,1
BR6232554,1999-11-09,A61P 27/06,1
BR6232554,1999-11-09,A61P 35/00,1
BR6232554,1999-11-09,A61P 35/00,1
BR6232554,1999-11-09,A61P 43/00,1
BR6232554,1999-11-09,A61P 43/00,1
BR6252568,1998-12-22,A61K 31/381,2
BR6252568,1998-12-22,A61K 31/381,2
BR6252568,1998-12-22,A61K 31/422,2
BR6252568,1998-12-22,A61K 31/422,2
BR6252568,1998-12-22,A61K 31/4245,2
BR6252568,1998-12-22,A61K 31/4245,2
BR6252568,1998-12-22,A61K 31/428,2
BR6252568,1998-12-22,A61K 31/428,2
BR6252568,1998-12-22,A61K 31/4427,2
BR6252568,1998-12-22,A61K 31/4427,2
BR6252568,1998-12-22,A61K 31/4433,2
BR6252568,1998-12-22,A61K 31/4436,2
BR6252568,1998-12-22,A61K 31/4439,2
BR6252568,1998-12-22,A61K 31/444,2
BR6252568,1998-12-22,A61K 31/4709,2
BR6252568,1998-12-22,A61K 31/4709,2
BR6252568,1998-12-22,A61K 31/496,2
BR6252568,1998-12-22,A61K 31/496,2
BR6252568,1998-12-22,A61K 31/506,2
BR6252568,1998-12-22,A61K 31/506,2
BR6252568,1998-12-22,A61K 31/5375,2
BR6252568,1998-12-22,A61K 31/5377,2
BR6252568,1998-12-22,A61P 35/00,2
BR6252568,1998-12-22,A61P 35/00,2
BR6252568,1998-12-22,A61P 43/00,2
BR6252568,1998-12-22,A61P 43/00,2
